71adb627cc1e
 INFO - ::group::Log message source details
*** Found local files:
***   * /opt/airflow/logs/dag_id=DATASTAGE_MALHA_VIDA/run_id=manual_orq_1781166631025/task_id=SeqExecCargaVida/attempt=1.log
*** !!!! Please make sure that all your Airflow components (e.g. schedulers, webservers, workers and triggerer) have the same 'secret_key' configured in 'webserver' section and time is synchronized on all your machines (for example with ntpd)
See more at https://airflow.apache.org/docs/apache-airflow/stable/configurations-ref.html#secret-key
*** Could not read served logs: 403 Client Error: FORBIDDEN for url: http://71adb627cc1e:8793/log/dag_id=DATASTAGE_MALHA_VIDA/run_id=manual_orq_1781166631025/task_id=SeqExecCargaVida/attempt=1.log
 INFO - ::endgroup::
[2026-06-11T05:30:33.990-0300] {local_task_job_runner.py:123} INFO - ::group::Pre task execution logs
[2026-06-11T05:30:34.016-0300] {taskinstance.py:2632} INFO - Dependencies all met for dep_context=non-requeueable deps ti=<TaskInstance: DATASTAGE_MALHA_VIDA.SeqExecCargaVida manual_orq_1781166631025 [queued]>
[2026-06-11T05:30:34.027-0300] {taskinstance.py:2632} INFO - Dependencies all met for dep_context=requeueable deps ti=<TaskInstance: DATASTAGE_MALHA_VIDA.SeqExecCargaVida manual_orq_1781166631025 [queued]>
[2026-06-11T05:30:34.027-0300] {taskinstance.py:2885} INFO - Starting attempt 1 of 4
[2026-06-11T05:30:34.040-0300] {taskinstance.py:2908} INFO - Executing <Task(DataStageOperator): SeqExecCargaVida> on 2026-06-11 08:30:31.127791+00:00
[2026-06-11T05:30:34.045-0300] {warnings.py:112} WARNING - /home/***/.local/lib/python3.12/site-packages/***/task/task_runner/standard_task_runner.py:70: DeprecationWarning: This process (pid=112311) is multi-threaded, use of fork() may lead to deadlocks in the child.
  pid = os.fork()
[2026-06-11T05:30:34.046-0300] {standard_task_runner.py:72} INFO - Started process 112312 to run task
[2026-06-11T05:30:34.050-0300] {standard_task_runner.py:104} INFO - Running: ['***', 'tasks', 'run', 'DATASTAGE_MALHA_VIDA', 'SeqExecCargaVida', 'manual_orq_1781166631025', '--job-id', '4733', '--raw', '--subdir', 'DAGS_FOLDER/generated/BI_VIDA/GERAL/DATASTAGE_MALHA_VIDA.py', '--cfg-path', '/tmp/tmp6cnh65af']
[2026-06-11T05:30:34.052-0300] {standard_task_runner.py:105} INFO - Job 4733: Subtask SeqExecCargaVida
[2026-06-11T05:30:34.088-0300] {task_command.py:467} INFO - Running <TaskInstance: DATASTAGE_MALHA_VIDA.SeqExecCargaVida manual_orq_1781166631025 [running]> on host 71adb627cc1e
[2026-06-11T05:30:34.163-0300] {taskinstance.py:3158} INFO - Exporting env vars: AIRFLOW_CTX_DAG_OWNER='***' AIRFLOW_CTX_DAG_ID='DATASTAGE_MALHA_VIDA' AIRFLOW_CTX_TASK_ID='SeqExecCargaVida' AIRFLOW_CTX_EXECUTION_DATE='2026-06-11T08:30:31.127791+00:00' AIRFLOW_CTX_TRY_NUMBER='1' AIRFLOW_CTX_DAG_RUN_ID='manual_orq_1781166631025'
[2026-06-11T05:30:34.163-0300] {taskinstance.py:740} INFO - ::endgroup::
[2026-06-11T05:30:34.198-0300] {base.py:84} INFO - Retrieving connection 'ssh_lnxprd021'
[2026-06-11T05:30:34.198-0300] {ssh.py:298} WARNING - No Host Key Verification. This won't protect against Man-In-The-Middle attacks
[2026-06-11T05:30:34.219-0300] {transport.py:1944} INFO - Connected (version 2.0, client OpenSSH_8.0)
[2026-06-11T05:30:34.359-0300] {transport.py:1944} INFO - Authentication (password) successful!
[2026-06-11T05:30:35.881-0300] {base.py:84} INFO - Retrieving connection 'ssh_lnxprd021'
[2026-06-11T05:30:35.881-0300] {ssh.py:298} WARNING - No Host Key Verification. This won't protect against Man-In-The-Middle attacks
[2026-06-11T05:30:35.900-0300] {transport.py:1944} INFO - Connected (version 2.0, client OpenSSH_8.0)
[2026-06-11T05:30:36.056-0300] {transport.py:1944} INFO - Authentication (password) successful!
[2026-06-11T05:30:38.399-0300] {datastage_operator.py:214} INFO - [DS] trigger rc=0 | Status code = 0
[2026-06-11T05:30:38.405-0300] {base.py:84} INFO - Retrieving connection 'ssh_lnxprd021'
[2026-06-11T05:30:38.405-0300] {ssh.py:298} WARNING - No Host Key Verification. This won't protect against Man-In-The-Middle attacks
[2026-06-11T05:30:38.417-0300] {transport.py:1944} INFO - Connected (version 2.0, client OpenSSH_8.0)
[2026-06-11T05:30:38.525-0300] {transport.py:1944} INFO - Authentication (password) successful!
[2026-06-11T05:30:39.433-0300] {datastage_operator.py:116} INFO - [DS] Job triggered — wave_num=237
[2026-06-11T05:30:39.442-0300] {base.py:84} INFO - Retrieving connection 'SQL14_DMDB41'
[2026-06-11T05:30:39.458-0300] {sql.py:861} INFO - Running statement: EXEC dbo.sp_etl_ds_job_log_upsert @execution_id=%s, @pipeline_name=%s, @job_name=%s, @project=%s, @wave_number=%s, @pid=%s, @status=%s, @status_code=%s, @child_jobs=%s, @log_summary=%s, @poll_snapshot=%s, @ds_start_time=%s, @ds_end_time=%s, parameters: ('20260611T083031', 'DATASTAGE_MALHA_VIDA', 'SeqExecCargaVida', 'BI_VIDA', 237, '', 'RUNNING', 0, '', '', '', '', None)
[2026-06-11T05:31:39.468-0300] {base.py:84} INFO - Retrieving connection 'ssh_lnxprd021'
[2026-06-11T05:31:39.468-0300] {ssh.py:298} WARNING - No Host Key Verification. This won't protect against Man-In-The-Middle attacks
[2026-06-11T05:31:39.491-0300] {transport.py:1944} INFO - Connected (version 2.0, client OpenSSH_8.0)
[2026-06-11T05:31:39.641-0300] {transport.py:1944} INFO - Authentication (password) successful!
[2026-06-11T05:31:41.286-0300] {datastage_operator.py:127} INFO - [DS] wave=237  status=0(RUNNING (0))  controller=not available
[2026-06-11T05:31:41.292-0300] {base.py:84} INFO - Retrieving connection 'SQL14_DMDB41'
[2026-06-11T05:31:41.310-0300] {sql.py:861} INFO - Running statement: EXEC dbo.sp_etl_ds_job_log_upsert @execution_id=%s, @pipeline_name=%s, @job_name=%s, @project=%s, @wave_number=%s, @pid=%s, @status=%s, @status_code=%s, @child_jobs=%s, @log_summary=%s, @poll_snapshot=%s, @ds_start_time=%s, @ds_end_time=%s, parameters: ('20260611T083031', 'DATASTAGE_MALHA_VIDA', 'SeqExecCargaVida', 'BI_VIDA', 237, '2324959', 'RUNNING', 0, '', '', '{"ts": "2026-06-11T08:31:41Z", "status_code": 0, "status_text": "RUNNING (0)"}', '', None)
[2026-06-11T05:32:41.319-0300] {base.py:84} INFO - Retrieving connection 'ssh_lnxprd021'
[2026-06-11T05:32:41.320-0300] {ssh.py:298} WARNING - No Host Key Verification. This won't protect against Man-In-The-Middle attacks
[2026-06-11T05:32:41.339-0300] {transport.py:1944} INFO - Connected (version 2.0, client OpenSSH_8.0)
[2026-06-11T05:32:41.503-0300] {transport.py:1944} INFO - Authentication (password) successful!
[2026-06-11T05:32:42.497-0300] {datastage_operator.py:127} INFO - [DS] wave=237  status=0(RUNNING (0))  controller=not available
[2026-06-11T05:32:42.503-0300] {base.py:84} INFO - Retrieving connection 'SQL14_DMDB41'
[2026-06-11T05:32:42.573-0300] {sql.py:861} INFO - Running statement: EXEC dbo.sp_etl_ds_job_log_upsert @execution_id=%s, @pipeline_name=%s, @job_name=%s, @project=%s, @wave_number=%s, @pid=%s, @status=%s, @status_code=%s, @child_jobs=%s, @log_summary=%s, @poll_snapshot=%s, @ds_start_time=%s, @ds_end_time=%s, parameters: ('20260611T083031', 'DATASTAGE_MALHA_VIDA', 'SeqExecCargaVida', 'BI_VIDA', 237, '2324959', 'RUNNING', 0, '', '', '{"ts": "2026-06-11T08:32:42Z", "status_code": 0, "status_text": "RUNNING (0)"}', '', None)
[2026-06-11T05:33:42.592-0300] {base.py:84} INFO - Retrieving connection 'ssh_lnxprd021'
[2026-06-11T05:33:42.592-0300] {ssh.py:298} WARNING - No Host Key Verification. This won't protect against Man-In-The-Middle attacks
[2026-06-11T05:33:42.616-0300] {transport.py:1944} INFO - Connected (version 2.0, client OpenSSH_8.0)
[2026-06-11T05:33:42.738-0300] {transport.py:1944} INFO - Authentication (password) successful!
[2026-06-11T05:33:44.057-0300] {datastage_operator.py:127} INFO - [DS] wave=237  status=0(RUNNING (0))  controller=not available
[2026-06-11T05:33:44.064-0300] {base.py:84} INFO - Retrieving connection 'SQL14_DMDB41'
[2026-06-11T05:33:44.084-0300] {sql.py:861} INFO - Running statement: EXEC dbo.sp_etl_ds_job_log_upsert @execution_id=%s, @pipeline_name=%s, @job_name=%s, @project=%s, @wave_number=%s, @pid=%s, @status=%s, @status_code=%s, @child_jobs=%s, @log_summary=%s, @poll_snapshot=%s, @ds_start_time=%s, @ds_end_time=%s, parameters: ('20260611T083031', 'DATASTAGE_MALHA_VIDA', 'SeqExecCargaVida', 'BI_VIDA', 237, '2324959', 'RUNNING', 0, '', '', '{"ts": "2026-06-11T08:33:44Z", "status_code": 0, "status_text": "RUNNING (0)"}', '', None)
[2026-06-11T05:34:44.099-0300] {base.py:84} INFO - Retrieving connection 'ssh_lnxprd021'
[2026-06-11T05:34:44.101-0300] {ssh.py:298} WARNING - No Host Key Verification. This won't protect against Man-In-The-Middle attacks
[2026-06-11T05:34:44.115-0300] {transport.py:1944} INFO - Connected (version 2.0, client OpenSSH_8.0)
[2026-06-11T05:34:44.217-0300] {transport.py:1944} INFO - Authentication (password) successful!
[2026-06-11T05:34:45.084-0300] {datastage_operator.py:127} INFO - [DS] wave=237  status=0(RUNNING (0))  controller=not available
[2026-06-11T05:34:45.089-0300] {base.py:84} INFO - Retrieving connection 'SQL14_DMDB41'
[2026-06-11T05:34:45.109-0300] {sql.py:861} INFO - Running statement: EXEC dbo.sp_etl_ds_job_log_upsert @execution_id=%s, @pipeline_name=%s, @job_name=%s, @project=%s, @wave_number=%s, @pid=%s, @status=%s, @status_code=%s, @child_jobs=%s, @log_summary=%s, @poll_snapshot=%s, @ds_start_time=%s, @ds_end_time=%s, parameters: ('20260611T083031', 'DATASTAGE_MALHA_VIDA', 'SeqExecCargaVida', 'BI_VIDA', 237, '2324959', 'RUNNING', 0, '', '', '{"ts": "2026-06-11T08:34:45Z", "status_code": 0, "status_text": "RUNNING (0)"}', '', None)
[2026-06-11T05:35:45.119-0300] {base.py:84} INFO - Retrieving connection 'ssh_lnxprd021'
[2026-06-11T05:35:45.119-0300] {ssh.py:298} WARNING - No Host Key Verification. This won't protect against Man-In-The-Middle attacks
[2026-06-11T05:35:45.137-0300] {transport.py:1944} INFO - Connected (version 2.0, client OpenSSH_8.0)
[2026-06-11T05:35:45.233-0300] {transport.py:1944} INFO - Authentication (password) successful!
[2026-06-11T05:35:46.323-0300] {datastage_operator.py:127} INFO - [DS] wave=237  status=0(RUNNING (0))  controller=not available
[2026-06-11T05:35:46.329-0300] {base.py:84} INFO - Retrieving connection 'SQL14_DMDB41'
[2026-06-11T05:35:46.352-0300] {sql.py:861} INFO - Running statement: EXEC dbo.sp_etl_ds_job_log_upsert @execution_id=%s, @pipeline_name=%s, @job_name=%s, @project=%s, @wave_number=%s, @pid=%s, @status=%s, @status_code=%s, @child_jobs=%s, @log_summary=%s, @poll_snapshot=%s, @ds_start_time=%s, @ds_end_time=%s, parameters: ('20260611T083031', 'DATASTAGE_MALHA_VIDA', 'SeqExecCargaVida', 'BI_VIDA', 237, '2324959', 'RUNNING', 0, '', '', '{"ts": "2026-06-11T08:35:46Z", "status_code": 0, "status_text": "RUNNING (0)"}', '', None)
[2026-06-11T05:36:46.362-0300] {base.py:84} INFO - Retrieving connection 'ssh_lnxprd021'
[2026-06-11T05:36:46.362-0300] {ssh.py:298} WARNING - No Host Key Verification. This won't protect against Man-In-The-Middle attacks
[2026-06-11T05:36:46.381-0300] {transport.py:1944} INFO - Connected (version 2.0, client OpenSSH_8.0)
[2026-06-11T05:36:46.547-0300] {transport.py:1944} INFO - Authentication (password) successful!
[2026-06-11T05:36:47.688-0300] {datastage_operator.py:127} INFO - [DS] wave=237  status=0(RUNNING (0))  controller=not available
[2026-06-11T05:36:47.694-0300] {base.py:84} INFO - Retrieving connection 'SQL14_DMDB41'
[2026-06-11T05:36:47.722-0300] {sql.py:861} INFO - Running statement: EXEC dbo.sp_etl_ds_job_log_upsert @execution_id=%s, @pipeline_name=%s, @job_name=%s, @project=%s, @wave_number=%s, @pid=%s, @status=%s, @status_code=%s, @child_jobs=%s, @log_summary=%s, @poll_snapshot=%s, @ds_start_time=%s, @ds_end_time=%s, parameters: ('20260611T083031', 'DATASTAGE_MALHA_VIDA', 'SeqExecCargaVida', 'BI_VIDA', 237, '2324959', 'RUNNING', 0, '', '', '{"ts": "2026-06-11T08:36:47Z", "status_code": 0, "status_text": "RUNNING (0)"}', '', None)
[2026-06-11T05:37:47.730-0300] {base.py:84} INFO - Retrieving connection 'ssh_lnxprd021'
[2026-06-11T05:37:47.731-0300] {ssh.py:298} WARNING - No Host Key Verification. This won't protect against Man-In-The-Middle attacks
[2026-06-11T05:37:47.749-0300] {transport.py:1944} INFO - Connected (version 2.0, client OpenSSH_8.0)
[2026-06-11T05:37:47.913-0300] {transport.py:1944} INFO - Authentication (password) successful!
[2026-06-11T05:37:48.869-0300] {datastage_operator.py:127} INFO - [DS] wave=237  status=0(RUNNING (0))  controller=not available
[2026-06-11T05:37:48.875-0300] {base.py:84} INFO - Retrieving connection 'SQL14_DMDB41'
[2026-06-11T05:37:48.892-0300] {sql.py:861} INFO - Running statement: EXEC dbo.sp_etl_ds_job_log_upsert @execution_id=%s, @pipeline_name=%s, @job_name=%s, @project=%s, @wave_number=%s, @pid=%s, @status=%s, @status_code=%s, @child_jobs=%s, @log_summary=%s, @poll_snapshot=%s, @ds_start_time=%s, @ds_end_time=%s, parameters: ('20260611T083031', 'DATASTAGE_MALHA_VIDA', 'SeqExecCargaVida', 'BI_VIDA', 237, '2324959', 'RUNNING', 0, '', '', '{"ts": "2026-06-11T08:37:48Z", "status_code": 0, "status_text": "RUNNING (0)"}', '', None)
[2026-06-11T05:38:48.900-0300] {base.py:84} INFO - Retrieving connection 'ssh_lnxprd021'
[2026-06-11T05:38:48.900-0300] {ssh.py:298} WARNING - No Host Key Verification. This won't protect against Man-In-The-Middle attacks
[2026-06-11T05:38:48.926-0300] {transport.py:1944} INFO - Connected (version 2.0, client OpenSSH_8.0)
[2026-06-11T05:38:49.024-0300] {transport.py:1944} INFO - Authentication (password) successful!
[2026-06-11T05:38:50.077-0300] {datastage_operator.py:127} INFO - [DS] wave=237  status=0(RUNNING (0))  controller=not available
[2026-06-11T05:38:50.083-0300] {base.py:84} INFO - Retrieving connection 'SQL14_DMDB41'
[2026-06-11T05:38:50.136-0300] {sql.py:861} INFO - Running statement: EXEC dbo.sp_etl_ds_job_log_upsert @execution_id=%s, @pipeline_name=%s, @job_name=%s, @project=%s, @wave_number=%s, @pid=%s, @status=%s, @status_code=%s, @child_jobs=%s, @log_summary=%s, @poll_snapshot=%s, @ds_start_time=%s, @ds_end_time=%s, parameters: ('20260611T083031', 'DATASTAGE_MALHA_VIDA', 'SeqExecCargaVida', 'BI_VIDA', 237, '2324959', 'RUNNING', 0, '', '', '{"ts": "2026-06-11T08:38:50Z", "status_code": 0, "status_text": "RUNNING (0)"}', '', None)
[2026-06-11T05:39:50.147-0300] {base.py:84} INFO - Retrieving connection 'ssh_lnxprd021'
[2026-06-11T05:39:50.147-0300] {ssh.py:298} WARNING - No Host Key Verification. This won't protect against Man-In-The-Middle attacks
[2026-06-11T05:39:50.188-0300] {transport.py:1944} INFO - Connected (version 2.0, client OpenSSH_8.0)
[2026-06-11T05:39:50.356-0300] {transport.py:1944} INFO - Authentication (password) successful!
[2026-06-11T05:39:51.476-0300] {datastage_operator.py:127} INFO - [DS] wave=237  status=0(RUNNING (0))  controller=not available
[2026-06-11T05:39:51.484-0300] {base.py:84} INFO - Retrieving connection 'SQL14_DMDB41'
[2026-06-11T05:39:51.511-0300] {sql.py:861} INFO - Running statement: EXEC dbo.sp_etl_ds_job_log_upsert @execution_id=%s, @pipeline_name=%s, @job_name=%s, @project=%s, @wave_number=%s, @pid=%s, @status=%s, @status_code=%s, @child_jobs=%s, @log_summary=%s, @poll_snapshot=%s, @ds_start_time=%s, @ds_end_time=%s, parameters: ('20260611T083031', 'DATASTAGE_MALHA_VIDA', 'SeqExecCargaVida', 'BI_VIDA', 237, '2324959', 'RUNNING', 0, '', '', '{"ts": "2026-06-11T08:39:51Z", "status_code": 0, "status_text": "RUNNING (0)"}', '', None)
[2026-06-11T05:40:51.521-0300] {base.py:84} INFO - Retrieving connection 'ssh_lnxprd021'
[2026-06-11T05:40:51.521-0300] {ssh.py:298} WARNING - No Host Key Verification. This won't protect against Man-In-The-Middle attacks
[2026-06-11T05:40:51.538-0300] {transport.py:1944} INFO - Connected (version 2.0, client OpenSSH_8.0)
[2026-06-11T05:40:51.679-0300] {transport.py:1944} INFO - Authentication (password) successful!
[2026-06-11T05:40:52.945-0300] {datastage_operator.py:127} INFO - [DS] wave=237  status=0(RUNNING (0))  controller=not available
[2026-06-11T05:40:52.951-0300] {base.py:84} INFO - Retrieving connection 'SQL14_DMDB41'
[2026-06-11T05:40:52.966-0300] {sql.py:861} INFO - Running statement: EXEC dbo.sp_etl_ds_job_log_upsert @execution_id=%s, @pipeline_name=%s, @job_name=%s, @project=%s, @wave_number=%s, @pid=%s, @status=%s, @status_code=%s, @child_jobs=%s, @log_summary=%s, @poll_snapshot=%s, @ds_start_time=%s, @ds_end_time=%s, parameters: ('20260611T083031', 'DATASTAGE_MALHA_VIDA', 'SeqExecCargaVida', 'BI_VIDA', 237, '2324959', 'RUNNING', 0, '', '', '{"ts": "2026-06-11T08:40:52Z", "status_code": 0, "status_text": "RUNNING (0)"}', '', None)
[2026-06-11T05:41:52.975-0300] {base.py:84} INFO - Retrieving connection 'ssh_lnxprd021'
[2026-06-11T05:41:52.975-0300] {ssh.py:298} WARNING - No Host Key Verification. This won't protect against Man-In-The-Middle attacks
[2026-06-11T05:41:52.996-0300] {transport.py:1944} INFO - Connected (version 2.0, client OpenSSH_8.0)
[2026-06-11T05:41:53.105-0300] {transport.py:1944} INFO - Authentication (password) successful!
[2026-06-11T05:41:54.077-0300] {datastage_operator.py:127} INFO - [DS] wave=237  status=0(RUNNING (0))  controller=not available
[2026-06-11T05:41:54.090-0300] {base.py:84} INFO - Retrieving connection 'SQL14_DMDB41'
[2026-06-11T05:41:54.109-0300] {sql.py:861} INFO - Running statement: EXEC dbo.sp_etl_ds_job_log_upsert @execution_id=%s, @pipeline_name=%s, @job_name=%s, @project=%s, @wave_number=%s, @pid=%s, @status=%s, @status_code=%s, @child_jobs=%s, @log_summary=%s, @poll_snapshot=%s, @ds_start_time=%s, @ds_end_time=%s, parameters: ('20260611T083031', 'DATASTAGE_MALHA_VIDA', 'SeqExecCargaVida', 'BI_VIDA', 237, '2324959', 'RUNNING', 0, '', '', '{"ts": "2026-06-11T08:41:54Z", "status_code": 0, "status_text": "RUNNING (0)"}', '', None)
[2026-06-11T05:42:54.127-0300] {base.py:84} INFO - Retrieving connection 'ssh_lnxprd021'
[2026-06-11T05:42:54.127-0300] {ssh.py:298} WARNING - No Host Key Verification. This won't protect against Man-In-The-Middle attacks
[2026-06-11T05:42:54.144-0300] {transport.py:1944} INFO - Connected (version 2.0, client OpenSSH_8.0)
[2026-06-11T05:42:54.314-0300] {transport.py:1944} INFO - Authentication (password) successful!
[2026-06-11T05:42:55.526-0300] {datastage_operator.py:127} INFO - [DS] wave=237  status=0(RUNNING (0))  controller=not available
[2026-06-11T05:42:55.531-0300] {base.py:84} INFO - Retrieving connection 'SQL14_DMDB41'
[2026-06-11T05:42:55.601-0300] {sql.py:861} INFO - Running statement: EXEC dbo.sp_etl_ds_job_log_upsert @execution_id=%s, @pipeline_name=%s, @job_name=%s, @project=%s, @wave_number=%s, @pid=%s, @status=%s, @status_code=%s, @child_jobs=%s, @log_summary=%s, @poll_snapshot=%s, @ds_start_time=%s, @ds_end_time=%s, parameters: ('20260611T083031', 'DATASTAGE_MALHA_VIDA', 'SeqExecCargaVida', 'BI_VIDA', 237, '2324959', 'RUNNING', 0, '', '', '{"ts": "2026-06-11T08:42:55Z", "status_code": 0, "status_text": "RUNNING (0)"}', '', None)
[2026-06-11T05:43:55.622-0300] {base.py:84} INFO - Retrieving connection 'ssh_lnxprd021'
[2026-06-11T05:43:55.622-0300] {ssh.py:298} WARNING - No Host Key Verification. This won't protect against Man-In-The-Middle attacks
[2026-06-11T05:43:55.657-0300] {transport.py:1944} INFO - Connected (version 2.0, client OpenSSH_8.0)
[2026-06-11T05:43:55.770-0300] {transport.py:1944} INFO - Authentication (password) successful!
[2026-06-11T05:43:56.585-0300] {datastage_operator.py:127} INFO - [DS] wave=237  status=0(RUNNING (0))  controller=not available
[2026-06-11T05:43:56.590-0300] {base.py:84} INFO - Retrieving connection 'SQL14_DMDB41'
[2026-06-11T05:43:56.612-0300] {sql.py:861} INFO - Running statement: EXEC dbo.sp_etl_ds_job_log_upsert @execution_id=%s, @pipeline_name=%s, @job_name=%s, @project=%s, @wave_number=%s, @pid=%s, @status=%s, @status_code=%s, @child_jobs=%s, @log_summary=%s, @poll_snapshot=%s, @ds_start_time=%s, @ds_end_time=%s, parameters: ('20260611T083031', 'DATASTAGE_MALHA_VIDA', 'SeqExecCargaVida', 'BI_VIDA', 237, '2324959', 'RUNNING', 0, '', '', '{"ts": "2026-06-11T08:43:56Z", "status_code": 0, "status_text": "RUNNING (0)"}', '', None)
[2026-06-11T05:44:56.620-0300] {base.py:84} INFO - Retrieving connection 'ssh_lnxprd021'
[2026-06-11T05:44:56.621-0300] {ssh.py:298} WARNING - No Host Key Verification. This won't protect against Man-In-The-Middle attacks
[2026-06-11T05:44:56.650-0300] {transport.py:1944} INFO - Connected (version 2.0, client OpenSSH_8.0)
[2026-06-11T05:44:56.790-0300] {transport.py:1944} INFO - Authentication (password) successful!
[2026-06-11T05:44:57.958-0300] {datastage_operator.py:127} INFO - [DS] wave=237  status=0(RUNNING (0))  controller=not available
[2026-06-11T05:44:57.964-0300] {base.py:84} INFO - Retrieving connection 'SQL14_DMDB41'
[2026-06-11T05:44:57.979-0300] {sql.py:861} INFO - Running statement: EXEC dbo.sp_etl_ds_job_log_upsert @execution_id=%s, @pipeline_name=%s, @job_name=%s, @project=%s, @wave_number=%s, @pid=%s, @status=%s, @status_code=%s, @child_jobs=%s, @log_summary=%s, @poll_snapshot=%s, @ds_start_time=%s, @ds_end_time=%s, parameters: ('20260611T083031', 'DATASTAGE_MALHA_VIDA', 'SeqExecCargaVida', 'BI_VIDA', 237, '2324959', 'RUNNING', 0, '', '', '{"ts": "2026-06-11T08:44:57Z", "status_code": 0, "status_text": "RUNNING (0)"}', '', None)
[2026-06-11T05:45:57.988-0300] {base.py:84} INFO - Retrieving connection 'ssh_lnxprd021'
[2026-06-11T05:45:57.988-0300] {ssh.py:298} WARNING - No Host Key Verification. This won't protect against Man-In-The-Middle attacks
[2026-06-11T05:45:58.011-0300] {transport.py:1944} INFO - Connected (version 2.0, client OpenSSH_8.0)
[2026-06-11T05:45:58.141-0300] {transport.py:1944} INFO - Authentication (password) successful!
[2026-06-11T05:45:59.220-0300] {datastage_operator.py:127} INFO - [DS] wave=237  status=0(RUNNING (0))  controller=not available
[2026-06-11T05:45:59.227-0300] {base.py:84} INFO - Retrieving connection 'SQL14_DMDB41'
[2026-06-11T05:45:59.241-0300] {sql.py:861} INFO - Running statement: EXEC dbo.sp_etl_ds_job_log_upsert @execution_id=%s, @pipeline_name=%s, @job_name=%s, @project=%s, @wave_number=%s, @pid=%s, @status=%s, @status_code=%s, @child_jobs=%s, @log_summary=%s, @poll_snapshot=%s, @ds_start_time=%s, @ds_end_time=%s, parameters: ('20260611T083031', 'DATASTAGE_MALHA_VIDA', 'SeqExecCargaVida', 'BI_VIDA', 237, '2324959', 'RUNNING', 0, '', '', '{"ts": "2026-06-11T08:45:59Z", "status_code": 0, "status_text": "RUNNING (0)"}', '', None)
[2026-06-11T05:46:59.249-0300] {base.py:84} INFO - Retrieving connection 'ssh_lnxprd021'
[2026-06-11T05:46:59.250-0300] {ssh.py:298} WARNING - No Host Key Verification. This won't protect against Man-In-The-Middle attacks
[2026-06-11T05:46:59.291-0300] {transport.py:1944} INFO - Connected (version 2.0, client OpenSSH_8.0)
[2026-06-11T05:46:59.433-0300] {transport.py:1944} INFO - Authentication (password) successful!
[2026-06-11T05:47:00.804-0300] {datastage_operator.py:127} INFO - [DS] wave=237  status=0(RUNNING (0))  controller=not available
[2026-06-11T05:47:00.811-0300] {base.py:84} INFO - Retrieving connection 'SQL14_DMDB41'
[2026-06-11T05:47:00.905-0300] {sql.py:861} INFO - Running statement: EXEC dbo.sp_etl_ds_job_log_upsert @execution_id=%s, @pipeline_name=%s, @job_name=%s, @project=%s, @wave_number=%s, @pid=%s, @status=%s, @status_code=%s, @child_jobs=%s, @log_summary=%s, @poll_snapshot=%s, @ds_start_time=%s, @ds_end_time=%s, parameters: ('20260611T083031', 'DATASTAGE_MALHA_VIDA', 'SeqExecCargaVida', 'BI_VIDA', 237, '2324959', 'RUNNING', 0, '', '', '{"ts": "2026-06-11T08:47:00Z", "status_code": 0, "status_text": "RUNNING (0)"}', '', None)
[2026-06-11T05:48:00.916-0300] {base.py:84} INFO - Retrieving connection 'ssh_lnxprd021'
[2026-06-11T05:48:00.917-0300] {ssh.py:298} WARNING - No Host Key Verification. This won't protect against Man-In-The-Middle attacks
[2026-06-11T05:48:00.936-0300] {transport.py:1944} INFO - Connected (version 2.0, client OpenSSH_8.0)
[2026-06-11T05:48:01.106-0300] {transport.py:1944} INFO - Authentication (password) successful!
[2026-06-11T05:48:02.173-0300] {datastage_operator.py:127} INFO - [DS] wave=237  status=0(RUNNING (0))  controller=not available
[2026-06-11T05:48:02.179-0300] {base.py:84} INFO - Retrieving connection 'SQL14_DMDB41'
[2026-06-11T05:48:02.204-0300] {sql.py:861} INFO - Running statement: EXEC dbo.sp_etl_ds_job_log_upsert @execution_id=%s, @pipeline_name=%s, @job_name=%s, @project=%s, @wave_number=%s, @pid=%s, @status=%s, @status_code=%s, @child_jobs=%s, @log_summary=%s, @poll_snapshot=%s, @ds_start_time=%s, @ds_end_time=%s, parameters: ('20260611T083031', 'DATASTAGE_MALHA_VIDA', 'SeqExecCargaVida', 'BI_VIDA', 237, '2324959', 'RUNNING', 0, '', '', '{"ts": "2026-06-11T08:48:02Z", "status_code": 0, "status_text": "RUNNING (0)"}', '', None)
[2026-06-11T05:49:02.213-0300] {base.py:84} INFO - Retrieving connection 'ssh_lnxprd021'
[2026-06-11T05:49:02.214-0300] {ssh.py:298} WARNING - No Host Key Verification. This won't protect against Man-In-The-Middle attacks
[2026-06-11T05:49:02.229-0300] {transport.py:1944} INFO - Connected (version 2.0, client OpenSSH_8.0)
[2026-06-11T05:49:02.361-0300] {transport.py:1944} INFO - Authentication (password) successful!
[2026-06-11T05:49:03.668-0300] {datastage_operator.py:127} INFO - [DS] wave=237  status=0(RUNNING (0))  controller=not available
[2026-06-11T05:49:03.673-0300] {base.py:84} INFO - Retrieving connection 'SQL14_DMDB41'
[2026-06-11T05:49:03.689-0300] {sql.py:861} INFO - Running statement: EXEC dbo.sp_etl_ds_job_log_upsert @execution_id=%s, @pipeline_name=%s, @job_name=%s, @project=%s, @wave_number=%s, @pid=%s, @status=%s, @status_code=%s, @child_jobs=%s, @log_summary=%s, @poll_snapshot=%s, @ds_start_time=%s, @ds_end_time=%s, parameters: ('20260611T083031', 'DATASTAGE_MALHA_VIDA', 'SeqExecCargaVida', 'BI_VIDA', 237, '2324959', 'RUNNING', 0, '', '', '{"ts": "2026-06-11T08:49:03Z", "status_code": 0, "status_text": "RUNNING (0)"}', '', None)
[2026-06-11T05:50:03.697-0300] {base.py:84} INFO - Retrieving connection 'ssh_lnxprd021'
[2026-06-11T05:50:03.698-0300] {ssh.py:298} WARNING - No Host Key Verification. This won't protect against Man-In-The-Middle attacks
[2026-06-11T05:50:03.716-0300] {transport.py:1944} INFO - Connected (version 2.0, client OpenSSH_8.0)
[2026-06-11T05:50:03.832-0300] {transport.py:1944} INFO - Authentication (password) successful!
[2026-06-11T05:50:05.046-0300] {datastage_operator.py:127} INFO - [DS] wave=237  status=0(RUNNING (0))  controller=not available
[2026-06-11T05:50:05.051-0300] {base.py:84} INFO - Retrieving connection 'SQL14_DMDB41'
[2026-06-11T05:50:05.118-0300] {sql.py:861} INFO - Running statement: EXEC dbo.sp_etl_ds_job_log_upsert @execution_id=%s, @pipeline_name=%s, @job_name=%s, @project=%s, @wave_number=%s, @pid=%s, @status=%s, @status_code=%s, @child_jobs=%s, @log_summary=%s, @poll_snapshot=%s, @ds_start_time=%s, @ds_end_time=%s, parameters: ('20260611T083031', 'DATASTAGE_MALHA_VIDA', 'SeqExecCargaVida', 'BI_VIDA', 237, '2324959', 'RUNNING', 0, '', '', '{"ts": "2026-06-11T08:50:05Z", "status_code": 0, "status_text": "RUNNING (0)"}', '', None)
[2026-06-11T05:51:05.137-0300] {base.py:84} INFO - Retrieving connection 'ssh_lnxprd021'
[2026-06-11T05:51:05.138-0300] {ssh.py:298} WARNING - No Host Key Verification. This won't protect against Man-In-The-Middle attacks
[2026-06-11T05:51:05.161-0300] {transport.py:1944} INFO - Connected (version 2.0, client OpenSSH_8.0)
[2026-06-11T05:51:05.301-0300] {transport.py:1944} INFO - Authentication (password) successful!
[2026-06-11T05:51:06.437-0300] {datastage_operator.py:127} INFO - [DS] wave=237  status=0(RUNNING (0))  controller=not available
[2026-06-11T05:51:06.448-0300] {base.py:84} INFO - Retrieving connection 'SQL14_DMDB41'
[2026-06-11T05:51:06.488-0300] {sql.py:861} INFO - Running statement: EXEC dbo.sp_etl_ds_job_log_upsert @execution_id=%s, @pipeline_name=%s, @job_name=%s, @project=%s, @wave_number=%s, @pid=%s, @status=%s, @status_code=%s, @child_jobs=%s, @log_summary=%s, @poll_snapshot=%s, @ds_start_time=%s, @ds_end_time=%s, parameters: ('20260611T083031', 'DATASTAGE_MALHA_VIDA', 'SeqExecCargaVida', 'BI_VIDA', 237, '2324959', 'RUNNING', 0, '', '', '{"ts": "2026-06-11T08:51:06Z", "status_code": 0, "status_text": "RUNNING (0)"}', '', None)
[2026-06-11T05:52:06.497-0300] {base.py:84} INFO - Retrieving connection 'ssh_lnxprd021'
[2026-06-11T05:52:06.498-0300] {ssh.py:298} WARNING - No Host Key Verification. This won't protect against Man-In-The-Middle attacks
[2026-06-11T05:52:06.517-0300] {transport.py:1944} INFO - Connected (version 2.0, client OpenSSH_8.0)
[2026-06-11T05:52:06.687-0300] {transport.py:1944} INFO - Authentication (password) successful!
[2026-06-11T05:52:07.804-0300] {datastage_operator.py:127} INFO - [DS] wave=237  status=0(RUNNING (0))  controller=not available
[2026-06-11T05:52:07.812-0300] {base.py:84} INFO - Retrieving connection 'SQL14_DMDB41'
[2026-06-11T05:52:07.832-0300] {sql.py:861} INFO - Running statement: EXEC dbo.sp_etl_ds_job_log_upsert @execution_id=%s, @pipeline_name=%s, @job_name=%s, @project=%s, @wave_number=%s, @pid=%s, @status=%s, @status_code=%s, @child_jobs=%s, @log_summary=%s, @poll_snapshot=%s, @ds_start_time=%s, @ds_end_time=%s, parameters: ('20260611T083031', 'DATASTAGE_MALHA_VIDA', 'SeqExecCargaVida', 'BI_VIDA', 237, '2324959', 'RUNNING', 0, '', '', '{"ts": "2026-06-11T08:52:07Z", "status_code": 0, "status_text": "RUNNING (0)"}', '', None)
[2026-06-11T05:53:07.841-0300] {base.py:84} INFO - Retrieving connection 'ssh_lnxprd021'
[2026-06-11T05:53:07.841-0300] {ssh.py:298} WARNING - No Host Key Verification. This won't protect against Man-In-The-Middle attacks
[2026-06-11T05:53:07.862-0300] {transport.py:1944} INFO - Connected (version 2.0, client OpenSSH_8.0)
[2026-06-11T05:53:07.972-0300] {transport.py:1944} INFO - Authentication (password) successful!
[2026-06-11T05:53:08.428-0300] {datastage_operator.py:127} INFO - [DS] wave=237  status=0(RUNNING (0))  controller=not available
[2026-06-11T05:53:08.434-0300] {base.py:84} INFO - Retrieving connection 'SQL14_DMDB41'
[2026-06-11T05:53:08.457-0300] {sql.py:861} INFO - Running statement: EXEC dbo.sp_etl_ds_job_log_upsert @execution_id=%s, @pipeline_name=%s, @job_name=%s, @project=%s, @wave_number=%s, @pid=%s, @status=%s, @status_code=%s, @child_jobs=%s, @log_summary=%s, @poll_snapshot=%s, @ds_start_time=%s, @ds_end_time=%s, parameters: ('20260611T083031', 'DATASTAGE_MALHA_VIDA', 'SeqExecCargaVida', 'BI_VIDA', 237, '2324959', 'RUNNING', 0, '', '', '{"ts": "2026-06-11T08:53:08Z", "status_code": 0, "status_text": "RUNNING (0)"}', '', None)
[2026-06-11T05:54:08.465-0300] {base.py:84} INFO - Retrieving connection 'ssh_lnxprd021'
[2026-06-11T05:54:08.466-0300] {ssh.py:298} WARNING - No Host Key Verification. This won't protect against Man-In-The-Middle attacks
[2026-06-11T05:54:08.484-0300] {transport.py:1944} INFO - Connected (version 2.0, client OpenSSH_8.0)
[2026-06-11T05:54:08.603-0300] {transport.py:1944} INFO - Authentication (password) successful!
[2026-06-11T05:54:09.446-0300] {datastage_operator.py:127} INFO - [DS] wave=237  status=0(RUNNING (0))  controller=not available
[2026-06-11T05:54:09.452-0300] {base.py:84} INFO - Retrieving connection 'SQL14_DMDB41'
[2026-06-11T05:54:09.471-0300] {sql.py:861} INFO - Running statement: EXEC dbo.sp_etl_ds_job_log_upsert @execution_id=%s, @pipeline_name=%s, @job_name=%s, @project=%s, @wave_number=%s, @pid=%s, @status=%s, @status_code=%s, @child_jobs=%s, @log_summary=%s, @poll_snapshot=%s, @ds_start_time=%s, @ds_end_time=%s, parameters: ('20260611T083031', 'DATASTAGE_MALHA_VIDA', 'SeqExecCargaVida', 'BI_VIDA', 237, '2324959', 'RUNNING', 0, '', '', '{"ts": "2026-06-11T08:54:09Z", "status_code": 0, "status_text": "RUNNING (0)"}', '', None)
[2026-06-11T05:55:09.486-0300] {base.py:84} INFO - Retrieving connection 'ssh_lnxprd021'
[2026-06-11T05:55:09.487-0300] {ssh.py:298} WARNING - No Host Key Verification. This won't protect against Man-In-The-Middle attacks
[2026-06-11T05:55:09.502-0300] {transport.py:1944} INFO - Connected (version 2.0, client OpenSSH_8.0)
[2026-06-11T05:55:09.680-0300] {transport.py:1944} INFO - Authentication (password) successful!
[2026-06-11T05:55:10.624-0300] {datastage_operator.py:127} INFO - [DS] wave=237  status=0(RUNNING (0))  controller=not available
[2026-06-11T05:55:10.640-0300] {base.py:84} INFO - Retrieving connection 'SQL14_DMDB41'
[2026-06-11T05:55:10.670-0300] {sql.py:861} INFO - Running statement: EXEC dbo.sp_etl_ds_job_log_upsert @execution_id=%s, @pipeline_name=%s, @job_name=%s, @project=%s, @wave_number=%s, @pid=%s, @status=%s, @status_code=%s, @child_jobs=%s, @log_summary=%s, @poll_snapshot=%s, @ds_start_time=%s, @ds_end_time=%s, parameters: ('20260611T083031', 'DATASTAGE_MALHA_VIDA', 'SeqExecCargaVida', 'BI_VIDA', 237, '2324959', 'RUNNING', 0, '', '', '{"ts": "2026-06-11T08:55:10Z", "status_code": 0, "status_text": "RUNNING (0)"}', '', None)
[2026-06-11T05:56:10.695-0300] {base.py:84} INFO - Retrieving connection 'ssh_lnxprd021'
[2026-06-11T05:56:10.695-0300] {ssh.py:298} WARNING - No Host Key Verification. This won't protect against Man-In-The-Middle attacks
[2026-06-11T05:56:10.750-0300] {transport.py:1944} INFO - Connected (version 2.0, client OpenSSH_8.0)
[2026-06-11T05:56:10.843-0300] {transport.py:1944} INFO - Authentication (password) successful!
[2026-06-11T05:56:11.949-0300] {datastage_operator.py:127} INFO - [DS] wave=237  status=0(RUNNING (0))  controller=not available
[2026-06-11T05:56:11.955-0300] {base.py:84} INFO - Retrieving connection 'SQL14_DMDB41'
[2026-06-11T05:56:11.976-0300] {sql.py:861} INFO - Running statement: EXEC dbo.sp_etl_ds_job_log_upsert @execution_id=%s, @pipeline_name=%s, @job_name=%s, @project=%s, @wave_number=%s, @pid=%s, @status=%s, @status_code=%s, @child_jobs=%s, @log_summary=%s, @poll_snapshot=%s, @ds_start_time=%s, @ds_end_time=%s, parameters: ('20260611T083031', 'DATASTAGE_MALHA_VIDA', 'SeqExecCargaVida', 'BI_VIDA', 237, '2324959', 'RUNNING', 0, '', '', '{"ts": "2026-06-11T08:56:11Z", "status_code": 0, "status_text": "RUNNING (0)"}', '', None)
[2026-06-11T05:57:11.984-0300] {base.py:84} INFO - Retrieving connection 'ssh_lnxprd021'
[2026-06-11T05:57:11.985-0300] {ssh.py:298} WARNING - No Host Key Verification. This won't protect against Man-In-The-Middle attacks
[2026-06-11T05:57:12.001-0300] {transport.py:1944} INFO - Connected (version 2.0, client OpenSSH_8.0)
[2026-06-11T05:57:12.141-0300] {transport.py:1944} INFO - Authentication (password) successful!
[2026-06-11T05:57:12.778-0300] {datastage_operator.py:127} INFO - [DS] wave=237  status=0(RUNNING (0))  controller=not available
[2026-06-11T05:57:12.785-0300] {base.py:84} INFO - Retrieving connection 'SQL14_DMDB41'
[2026-06-11T05:57:12.853-0300] {sql.py:861} INFO - Running statement: EXEC dbo.sp_etl_ds_job_log_upsert @execution_id=%s, @pipeline_name=%s, @job_name=%s, @project=%s, @wave_number=%s, @pid=%s, @status=%s, @status_code=%s, @child_jobs=%s, @log_summary=%s, @poll_snapshot=%s, @ds_start_time=%s, @ds_end_time=%s, parameters: ('20260611T083031', 'DATASTAGE_MALHA_VIDA', 'SeqExecCargaVida', 'BI_VIDA', 237, '2324959', 'RUNNING', 0, '', '', '{"ts": "2026-06-11T08:57:12Z", "status_code": 0, "status_text": "RUNNING (0)"}', '', None)
[2026-06-11T05:58:12.873-0300] {base.py:84} INFO - Retrieving connection 'ssh_lnxprd021'
[2026-06-11T05:58:12.873-0300] {ssh.py:298} WARNING - No Host Key Verification. This won't protect against Man-In-The-Middle attacks
[2026-06-11T05:58:12.887-0300] {transport.py:1944} INFO - Connected (version 2.0, client OpenSSH_8.0)
[2026-06-11T05:58:12.977-0300] {transport.py:1944} INFO - Authentication (password) successful!
[2026-06-11T05:58:14.053-0300] {datastage_operator.py:127} INFO - [DS] wave=237  status=0(RUNNING (0))  controller=not available
[2026-06-11T05:58:14.060-0300] {base.py:84} INFO - Retrieving connection 'SQL14_DMDB41'
[2026-06-11T05:58:14.078-0300] {sql.py:861} INFO - Running statement: EXEC dbo.sp_etl_ds_job_log_upsert @execution_id=%s, @pipeline_name=%s, @job_name=%s, @project=%s, @wave_number=%s, @pid=%s, @status=%s, @status_code=%s, @child_jobs=%s, @log_summary=%s, @poll_snapshot=%s, @ds_start_time=%s, @ds_end_time=%s, parameters: ('20260611T083031', 'DATASTAGE_MALHA_VIDA', 'SeqExecCargaVida', 'BI_VIDA', 237, '2324959', 'RUNNING', 0, '', '', '{"ts": "2026-06-11T08:58:14Z", "status_code": 0, "status_text": "RUNNING (0)"}', '', None)
[2026-06-11T05:59:14.088-0300] {base.py:84} INFO - Retrieving connection 'ssh_lnxprd021'
[2026-06-11T05:59:14.088-0300] {ssh.py:298} WARNING - No Host Key Verification. This won't protect against Man-In-The-Middle attacks
[2026-06-11T05:59:14.104-0300] {transport.py:1944} INFO - Connected (version 2.0, client OpenSSH_8.0)
[2026-06-11T05:59:14.222-0300] {transport.py:1944} INFO - Authentication (password) successful!
[2026-06-11T05:59:15.106-0300] {datastage_operator.py:127} INFO - [DS] wave=237  status=0(RUNNING (0))  controller=not available
[2026-06-11T05:59:15.119-0300] {base.py:84} INFO - Retrieving connection 'SQL14_DMDB41'
[2026-06-11T05:59:15.138-0300] {sql.py:861} INFO - Running statement: EXEC dbo.sp_etl_ds_job_log_upsert @execution_id=%s, @pipeline_name=%s, @job_name=%s, @project=%s, @wave_number=%s, @pid=%s, @status=%s, @status_code=%s, @child_jobs=%s, @log_summary=%s, @poll_snapshot=%s, @ds_start_time=%s, @ds_end_time=%s, parameters: ('20260611T083031', 'DATASTAGE_MALHA_VIDA', 'SeqExecCargaVida', 'BI_VIDA', 237, '2324959', 'RUNNING', 0, '', '', '{"ts": "2026-06-11T08:59:15Z", "status_code": 0, "status_text": "RUNNING (0)"}', '', None)
[2026-06-11T06:00:15.149-0300] {base.py:84} INFO - Retrieving connection 'ssh_lnxprd021'
[2026-06-11T06:00:15.149-0300] {ssh.py:298} WARNING - No Host Key Verification. This won't protect against Man-In-The-Middle attacks
[2026-06-11T06:00:15.168-0300] {transport.py:1944} INFO - Connected (version 2.0, client OpenSSH_8.0)
[2026-06-11T06:00:15.277-0300] {transport.py:1944} INFO - Authentication (password) successful!
[2026-06-11T06:00:16.364-0300] {datastage_operator.py:127} INFO - [DS] wave=237  status=0(RUNNING (0))  controller=not available
[2026-06-11T06:00:16.370-0300] {base.py:84} INFO - Retrieving connection 'SQL14_DMDB41'
[2026-06-11T06:00:16.442-0300] {sql.py:861} INFO - Running statement: EXEC dbo.sp_etl_ds_job_log_upsert @execution_id=%s, @pipeline_name=%s, @job_name=%s, @project=%s, @wave_number=%s, @pid=%s, @status=%s, @status_code=%s, @child_jobs=%s, @log_summary=%s, @poll_snapshot=%s, @ds_start_time=%s, @ds_end_time=%s, parameters: ('20260611T083031', 'DATASTAGE_MALHA_VIDA', 'SeqExecCargaVida', 'BI_VIDA', 237, '2324959', 'RUNNING', 0, '', '', '{"ts": "2026-06-11T09:00:16Z", "status_code": 0, "status_text": "RUNNING (0)"}', '', None)
[2026-06-11T06:01:16.463-0300] {base.py:84} INFO - Retrieving connection 'ssh_lnxprd021'
[2026-06-11T06:01:16.463-0300] {ssh.py:298} WARNING - No Host Key Verification. This won't protect against Man-In-The-Middle attacks
[2026-06-11T06:01:16.487-0300] {transport.py:1944} INFO - Connected (version 2.0, client OpenSSH_8.0)
[2026-06-11T06:01:16.640-0300] {transport.py:1944} INFO - Authentication (password) successful!
[2026-06-11T06:01:17.833-0300] {datastage_operator.py:127} INFO - [DS] wave=237  status=0(RUNNING (0))  controller=not available
[2026-06-11T06:01:17.839-0300] {base.py:84} INFO - Retrieving connection 'SQL14_DMDB41'
[2026-06-11T06:01:17.870-0300] {sql.py:861} INFO - Running statement: EXEC dbo.sp_etl_ds_job_log_upsert @execution_id=%s, @pipeline_name=%s, @job_name=%s, @project=%s, @wave_number=%s, @pid=%s, @status=%s, @status_code=%s, @child_jobs=%s, @log_summary=%s, @poll_snapshot=%s, @ds_start_time=%s, @ds_end_time=%s, parameters: ('20260611T083031', 'DATASTAGE_MALHA_VIDA', 'SeqExecCargaVida', 'BI_VIDA', 237, '2324959', 'RUNNING', 0, '', '', '{"ts": "2026-06-11T09:01:17Z", "status_code": 0, "status_text": "RUNNING (0)"}', '', None)
[2026-06-11T06:02:17.881-0300] {base.py:84} INFO - Retrieving connection 'ssh_lnxprd021'
[2026-06-11T06:02:17.882-0300] {ssh.py:298} WARNING - No Host Key Verification. This won't protect against Man-In-The-Middle attacks
[2026-06-11T06:02:17.902-0300] {transport.py:1944} INFO - Connected (version 2.0, client OpenSSH_8.0)
[2026-06-11T06:02:18.042-0300] {transport.py:1944} INFO - Authentication (password) successful!
[2026-06-11T06:02:19.124-0300] {datastage_operator.py:127} INFO - [DS] wave=237  status=0(RUNNING (0))  controller=not available
[2026-06-11T06:02:19.132-0300] {base.py:84} INFO - Retrieving connection 'SQL14_DMDB41'
[2026-06-11T06:02:19.202-0300] {sql.py:861} INFO - Running statement: EXEC dbo.sp_etl_ds_job_log_upsert @execution_id=%s, @pipeline_name=%s, @job_name=%s, @project=%s, @wave_number=%s, @pid=%s, @status=%s, @status_code=%s, @child_jobs=%s, @log_summary=%s, @poll_snapshot=%s, @ds_start_time=%s, @ds_end_time=%s, parameters: ('20260611T083031', 'DATASTAGE_MALHA_VIDA', 'SeqExecCargaVida', 'BI_VIDA', 237, '2324959', 'RUNNING', 0, '', '', '{"ts": "2026-06-11T09:02:19Z", "status_code": 0, "status_text": "RUNNING (0)"}', '', None)
[2026-06-11T06:03:19.219-0300] {base.py:84} INFO - Retrieving connection 'ssh_lnxprd021'
[2026-06-11T06:03:19.219-0300] {ssh.py:298} WARNING - No Host Key Verification. This won't protect against Man-In-The-Middle attacks
[2026-06-11T06:03:19.233-0300] {transport.py:1944} INFO - Connected (version 2.0, client OpenSSH_8.0)
[2026-06-11T06:03:19.381-0300] {transport.py:1944} INFO - Authentication (password) successful!
[2026-06-11T06:03:20.830-0300] {datastage_operator.py:127} INFO - [DS] wave=237  status=0(RUNNING (0))  controller=not available
[2026-06-11T06:03:20.835-0300] {base.py:84} INFO - Retrieving connection 'SQL14_DMDB41'
[2026-06-11T06:03:20.854-0300] {sql.py:861} INFO - Running statement: EXEC dbo.sp_etl_ds_job_log_upsert @execution_id=%s, @pipeline_name=%s, @job_name=%s, @project=%s, @wave_number=%s, @pid=%s, @status=%s, @status_code=%s, @child_jobs=%s, @log_summary=%s, @poll_snapshot=%s, @ds_start_time=%s, @ds_end_time=%s, parameters: ('20260611T083031', 'DATASTAGE_MALHA_VIDA', 'SeqExecCargaVida', 'BI_VIDA', 237, '2324959', 'RUNNING', 0, '', '', '{"ts": "2026-06-11T09:03:20Z", "status_code": 0, "status_text": "RUNNING (0)"}', '', None)
[2026-06-11T06:04:20.872-0300] {base.py:84} INFO - Retrieving connection 'ssh_lnxprd021'
[2026-06-11T06:04:20.872-0300] {ssh.py:298} WARNING - No Host Key Verification. This won't protect against Man-In-The-Middle attacks
[2026-06-11T06:04:20.886-0300] {transport.py:1944} INFO - Connected (version 2.0, client OpenSSH_8.0)
[2026-06-11T06:04:21.025-0300] {transport.py:1944} INFO - Authentication (password) successful!
[2026-06-11T06:04:22.587-0300] {datastage_operator.py:127} INFO - [DS] wave=237  status=0(RUNNING (0))  controller=not available
[2026-06-11T06:04:22.593-0300] {base.py:84} INFO - Retrieving connection 'SQL14_DMDB41'
[2026-06-11T06:04:22.635-0300] {sql.py:861} INFO - Running statement: EXEC dbo.sp_etl_ds_job_log_upsert @execution_id=%s, @pipeline_name=%s, @job_name=%s, @project=%s, @wave_number=%s, @pid=%s, @status=%s, @status_code=%s, @child_jobs=%s, @log_summary=%s, @poll_snapshot=%s, @ds_start_time=%s, @ds_end_time=%s, parameters: ('20260611T083031', 'DATASTAGE_MALHA_VIDA', 'SeqExecCargaVida', 'BI_VIDA', 237, '2324959', 'RUNNING', 0, '', '', '{"ts": "2026-06-11T09:04:22Z", "status_code": 0, "status_text": "RUNNING (0)"}', '', None)
[2026-06-11T06:05:22.646-0300] {base.py:84} INFO - Retrieving connection 'ssh_lnxprd021'
[2026-06-11T06:05:22.647-0300] {ssh.py:298} WARNING - No Host Key Verification. This won't protect against Man-In-The-Middle attacks
[2026-06-11T06:05:22.665-0300] {transport.py:1944} INFO - Connected (version 2.0, client OpenSSH_8.0)
[2026-06-11T06:05:22.815-0300] {transport.py:1944} INFO - Authentication (password) successful!
[2026-06-11T06:05:23.665-0300] {datastage_operator.py:127} INFO - [DS] wave=237  status=0(RUNNING (0))  controller=not available
[2026-06-11T06:05:23.671-0300] {base.py:84} INFO - Retrieving connection 'SQL14_DMDB41'
[2026-06-11T06:05:23.686-0300] {sql.py:861} INFO - Running statement: EXEC dbo.sp_etl_ds_job_log_upsert @execution_id=%s, @pipeline_name=%s, @job_name=%s, @project=%s, @wave_number=%s, @pid=%s, @status=%s, @status_code=%s, @child_jobs=%s, @log_summary=%s, @poll_snapshot=%s, @ds_start_time=%s, @ds_end_time=%s, parameters: ('20260611T083031', 'DATASTAGE_MALHA_VIDA', 'SeqExecCargaVida', 'BI_VIDA', 237, '2324959', 'RUNNING', 0, '', '', '{"ts": "2026-06-11T09:05:23Z", "status_code": 0, "status_text": "RUNNING (0)"}', '', None)
[2026-06-11T06:06:23.694-0300] {base.py:84} INFO - Retrieving connection 'ssh_lnxprd021'
[2026-06-11T06:06:23.694-0300] {ssh.py:298} WARNING - No Host Key Verification. This won't protect against Man-In-The-Middle attacks
[2026-06-11T06:06:23.722-0300] {transport.py:1944} INFO - Connected (version 2.0, client OpenSSH_8.0)
[2026-06-11T06:06:23.866-0300] {transport.py:1944} INFO - Authentication (password) successful!
[2026-06-11T06:06:24.982-0300] {datastage_operator.py:127} INFO - [DS] wave=237  status=0(RUNNING (0))  controller=not available
[2026-06-11T06:06:24.992-0300] {base.py:84} INFO - Retrieving connection 'SQL14_DMDB41'
[2026-06-11T06:06:25.023-0300] {sql.py:861} INFO - Running statement: EXEC dbo.sp_etl_ds_job_log_upsert @execution_id=%s, @pipeline_name=%s, @job_name=%s, @project=%s, @wave_number=%s, @pid=%s, @status=%s, @status_code=%s, @child_jobs=%s, @log_summary=%s, @poll_snapshot=%s, @ds_start_time=%s, @ds_end_time=%s, parameters: ('20260611T083031', 'DATASTAGE_MALHA_VIDA', 'SeqExecCargaVida', 'BI_VIDA', 237, '2324959', 'RUNNING', 0, '', '', '{"ts": "2026-06-11T09:06:24Z", "status_code": 0, "status_text": "RUNNING (0)"}', '', None)
[2026-06-11T06:07:25.034-0300] {base.py:84} INFO - Retrieving connection 'ssh_lnxprd021'
[2026-06-11T06:07:25.034-0300] {ssh.py:298} WARNING - No Host Key Verification. This won't protect against Man-In-The-Middle attacks
[2026-06-11T06:07:25.056-0300] {transport.py:1944} INFO - Connected (version 2.0, client OpenSSH_8.0)
[2026-06-11T06:07:25.145-0300] {transport.py:1944} INFO - Authentication (password) successful!
[2026-06-11T06:07:26.337-0300] {datastage_operator.py:127} INFO - [DS] wave=237  status=0(RUNNING (0))  controller=not available
[2026-06-11T06:07:26.343-0300] {base.py:84} INFO - Retrieving connection 'SQL14_DMDB41'
[2026-06-11T06:07:26.365-0300] {sql.py:861} INFO - Running statement: EXEC dbo.sp_etl_ds_job_log_upsert @execution_id=%s, @pipeline_name=%s, @job_name=%s, @project=%s, @wave_number=%s, @pid=%s, @status=%s, @status_code=%s, @child_jobs=%s, @log_summary=%s, @poll_snapshot=%s, @ds_start_time=%s, @ds_end_time=%s, parameters: ('20260611T083031', 'DATASTAGE_MALHA_VIDA', 'SeqExecCargaVida', 'BI_VIDA', 237, '2324959', 'RUNNING', 0, '', '', '{"ts": "2026-06-11T09:07:26Z", "status_code": 0, "status_text": "RUNNING (0)"}', '', None)
[2026-06-11T06:08:26.374-0300] {base.py:84} INFO - Retrieving connection 'ssh_lnxprd021'
[2026-06-11T06:08:26.374-0300] {ssh.py:298} WARNING - No Host Key Verification. This won't protect against Man-In-The-Middle attacks
[2026-06-11T06:08:26.400-0300] {transport.py:1944} INFO - Connected (version 2.0, client OpenSSH_8.0)
[2026-06-11T06:08:26.529-0300] {transport.py:1944} INFO - Authentication (password) successful!
[2026-06-11T06:08:27.933-0300] {datastage_operator.py:127} INFO - [DS] wave=237  status=0(RUNNING (0))  controller=not available
[2026-06-11T06:08:27.939-0300] {base.py:84} INFO - Retrieving connection 'SQL14_DMDB41'
[2026-06-11T06:08:27.956-0300] {sql.py:861} INFO - Running statement: EXEC dbo.sp_etl_ds_job_log_upsert @execution_id=%s, @pipeline_name=%s, @job_name=%s, @project=%s, @wave_number=%s, @pid=%s, @status=%s, @status_code=%s, @child_jobs=%s, @log_summary=%s, @poll_snapshot=%s, @ds_start_time=%s, @ds_end_time=%s, parameters: ('20260611T083031', 'DATASTAGE_MALHA_VIDA', 'SeqExecCargaVida', 'BI_VIDA', 237, '2324959', 'RUNNING', 0, '', '', '{"ts": "2026-06-11T09:08:27Z", "status_code": 0, "status_text": "RUNNING (0)"}', '', None)
[2026-06-11T06:09:27.964-0300] {base.py:84} INFO - Retrieving connection 'ssh_lnxprd021'
[2026-06-11T06:09:27.964-0300] {ssh.py:298} WARNING - No Host Key Verification. This won't protect against Man-In-The-Middle attacks
[2026-06-11T06:09:27.984-0300] {transport.py:1944} INFO - Connected (version 2.0, client OpenSSH_8.0)
[2026-06-11T06:09:28.135-0300] {transport.py:1944} INFO - Authentication (password) successful!
[2026-06-11T06:09:29.245-0300] {datastage_operator.py:127} INFO - [DS] wave=237  status=0(RUNNING (0))  controller=not available
[2026-06-11T06:09:29.251-0300] {base.py:84} INFO - Retrieving connection 'SQL14_DMDB41'
[2026-06-11T06:09:29.337-0300] {sql.py:861} INFO - Running statement: EXEC dbo.sp_etl_ds_job_log_upsert @execution_id=%s, @pipeline_name=%s, @job_name=%s, @project=%s, @wave_number=%s, @pid=%s, @status=%s, @status_code=%s, @child_jobs=%s, @log_summary=%s, @poll_snapshot=%s, @ds_start_time=%s, @ds_end_time=%s, parameters: ('20260611T083031', 'DATASTAGE_MALHA_VIDA', 'SeqExecCargaVida', 'BI_VIDA', 237, '2324959', 'RUNNING', 0, '', '', '{"ts": "2026-06-11T09:09:29Z", "status_code": 0, "status_text": "RUNNING (0)"}', '', None)
[2026-06-11T06:10:29.360-0300] {base.py:84} INFO - Retrieving connection 'ssh_lnxprd021'
[2026-06-11T06:10:29.360-0300] {ssh.py:298} WARNING - No Host Key Verification. This won't protect against Man-In-The-Middle attacks
[2026-06-11T06:10:29.403-0300] {transport.py:1944} INFO - Connected (version 2.0, client OpenSSH_8.0)
[2026-06-11T06:10:29.542-0300] {transport.py:1944} INFO - Authentication (password) successful!
[2026-06-11T06:10:30.660-0300] {datastage_operator.py:127} INFO - [DS] wave=237  status=0(RUNNING (0))  controller=not available
[2026-06-11T06:10:30.669-0300] {base.py:84} INFO - Retrieving connection 'SQL14_DMDB41'
[2026-06-11T06:10:30.723-0300] {sql.py:861} INFO - Running statement: EXEC dbo.sp_etl_ds_job_log_upsert @execution_id=%s, @pipeline_name=%s, @job_name=%s, @project=%s, @wave_number=%s, @pid=%s, @status=%s, @status_code=%s, @child_jobs=%s, @log_summary=%s, @poll_snapshot=%s, @ds_start_time=%s, @ds_end_time=%s, parameters: ('20260611T083031', 'DATASTAGE_MALHA_VIDA', 'SeqExecCargaVida', 'BI_VIDA', 237, '2324959', 'RUNNING', 0, '', '', '{"ts": "2026-06-11T09:10:30Z", "status_code": 0, "status_text": "RUNNING (0)"}', '', None)
[2026-06-11T06:11:30.741-0300] {base.py:84} INFO - Retrieving connection 'ssh_lnxprd021'
[2026-06-11T06:11:30.741-0300] {ssh.py:298} WARNING - No Host Key Verification. This won't protect against Man-In-The-Middle attacks
[2026-06-11T06:11:30.759-0300] {transport.py:1944} INFO - Connected (version 2.0, client OpenSSH_8.0)
[2026-06-11T06:11:30.852-0300] {transport.py:1944} INFO - Authentication (password) successful!
[2026-06-11T06:11:31.462-0300] {datastage_operator.py:127} INFO - [DS] wave=237  status=0(RUNNING (0))  controller=not available
[2026-06-11T06:11:31.470-0300] {base.py:84} INFO - Retrieving connection 'SQL14_DMDB41'
[2026-06-11T06:11:31.560-0300] {sql.py:861} INFO - Running statement: EXEC dbo.sp_etl_ds_job_log_upsert @execution_id=%s, @pipeline_name=%s, @job_name=%s, @project=%s, @wave_number=%s, @pid=%s, @status=%s, @status_code=%s, @child_jobs=%s, @log_summary=%s, @poll_snapshot=%s, @ds_start_time=%s, @ds_end_time=%s, parameters: ('20260611T083031', 'DATASTAGE_MALHA_VIDA', 'SeqExecCargaVida', 'BI_VIDA', 237, '2324959', 'RUNNING', 0, '', '', '{"ts": "2026-06-11T09:11:31Z", "status_code": 0, "status_text": "RUNNING (0)"}', '', None)
[2026-06-11T06:12:31.578-0300] {base.py:84} INFO - Retrieving connection 'ssh_lnxprd021'
[2026-06-11T06:12:31.579-0300] {ssh.py:298} WARNING - No Host Key Verification. This won't protect against Man-In-The-Middle attacks
[2026-06-11T06:12:31.592-0300] {transport.py:1944} INFO - Connected (version 2.0, client OpenSSH_8.0)
[2026-06-11T06:12:31.674-0300] {transport.py:1944} INFO - Authentication (password) successful!
[2026-06-11T06:12:32.651-0300] {datastage_operator.py:127} INFO - [DS] wave=237  status=0(RUNNING (0))  controller=not available
[2026-06-11T06:12:32.657-0300] {base.py:84} INFO - Retrieving connection 'SQL14_DMDB41'
[2026-06-11T06:12:32.679-0300] {sql.py:861} INFO - Running statement: EXEC dbo.sp_etl_ds_job_log_upsert @execution_id=%s, @pipeline_name=%s, @job_name=%s, @project=%s, @wave_number=%s, @pid=%s, @status=%s, @status_code=%s, @child_jobs=%s, @log_summary=%s, @poll_snapshot=%s, @ds_start_time=%s, @ds_end_time=%s, parameters: ('20260611T083031', 'DATASTAGE_MALHA_VIDA', 'SeqExecCargaVida', 'BI_VIDA', 237, '2324959', 'RUNNING', 0, '', '', '{"ts": "2026-06-11T09:12:32Z", "status_code": 0, "status_text": "RUNNING (0)"}', '', None)
[2026-06-11T06:13:32.687-0300] {base.py:84} INFO - Retrieving connection 'ssh_lnxprd021'
[2026-06-11T06:13:32.687-0300] {ssh.py:298} WARNING - No Host Key Verification. This won't protect against Man-In-The-Middle attacks
[2026-06-11T06:13:32.702-0300] {transport.py:1944} INFO - Connected (version 2.0, client OpenSSH_8.0)
[2026-06-11T06:13:32.792-0300] {transport.py:1944} INFO - Authentication (password) successful!
[2026-06-11T06:13:34.329-0300] {datastage_operator.py:127} INFO - [DS] wave=237  status=0(RUNNING (0))  controller=not available
[2026-06-11T06:13:34.335-0300] {base.py:84} INFO - Retrieving connection 'SQL14_DMDB41'
[2026-06-11T06:13:34.354-0300] {sql.py:861} INFO - Running statement: EXEC dbo.sp_etl_ds_job_log_upsert @execution_id=%s, @pipeline_name=%s, @job_name=%s, @project=%s, @wave_number=%s, @pid=%s, @status=%s, @status_code=%s, @child_jobs=%s, @log_summary=%s, @poll_snapshot=%s, @ds_start_time=%s, @ds_end_time=%s, parameters: ('20260611T083031', 'DATASTAGE_MALHA_VIDA', 'SeqExecCargaVida', 'BI_VIDA', 237, '2324959', 'RUNNING', 0, '', '', '{"ts": "2026-06-11T09:13:34Z", "status_code": 0, "status_text": "RUNNING (0)"}', '', None)
[2026-06-11T06:14:34.365-0300] {base.py:84} INFO - Retrieving connection 'ssh_lnxprd021'
[2026-06-11T06:14:34.365-0300] {ssh.py:298} WARNING - No Host Key Verification. This won't protect against Man-In-The-Middle attacks
[2026-06-11T06:14:34.381-0300] {transport.py:1944} INFO - Connected (version 2.0, client OpenSSH_8.0)
[2026-06-11T06:14:34.524-0300] {transport.py:1944} INFO - Authentication (password) successful!
[2026-06-11T06:14:35.603-0300] {datastage_operator.py:127} INFO - [DS] wave=237  status=0(RUNNING (0))  controller=not available
[2026-06-11T06:14:35.610-0300] {base.py:84} INFO - Retrieving connection 'SQL14_DMDB41'
[2026-06-11T06:14:35.696-0300] {sql.py:861} INFO - Running statement: EXEC dbo.sp_etl_ds_job_log_upsert @execution_id=%s, @pipeline_name=%s, @job_name=%s, @project=%s, @wave_number=%s, @pid=%s, @status=%s, @status_code=%s, @child_jobs=%s, @log_summary=%s, @poll_snapshot=%s, @ds_start_time=%s, @ds_end_time=%s, parameters: ('20260611T083031', 'DATASTAGE_MALHA_VIDA', 'SeqExecCargaVida', 'BI_VIDA', 237, '2324959', 'RUNNING', 0, '', '', '{"ts": "2026-06-11T09:14:35Z", "status_code": 0, "status_text": "RUNNING (0)"}', '', None)
[2026-06-11T06:15:35.724-0300] {base.py:84} INFO - Retrieving connection 'ssh_lnxprd021'
[2026-06-11T06:15:35.725-0300] {ssh.py:298} WARNING - No Host Key Verification. This won't protect against Man-In-The-Middle attacks
[2026-06-11T06:15:35.738-0300] {transport.py:1944} INFO - Connected (version 2.0, client OpenSSH_8.0)
[2026-06-11T06:15:35.832-0300] {transport.py:1944} INFO - Authentication (password) successful!
[2026-06-11T06:15:37.150-0300] {datastage_operator.py:127} INFO - [DS] wave=237  status=0(RUNNING (0))  controller=not available
[2026-06-11T06:15:37.155-0300] {base.py:84} INFO - Retrieving connection 'SQL14_DMDB41'
[2026-06-11T06:15:37.250-0300] {sql.py:861} INFO - Running statement: EXEC dbo.sp_etl_ds_job_log_upsert @execution_id=%s, @pipeline_name=%s, @job_name=%s, @project=%s, @wave_number=%s, @pid=%s, @status=%s, @status_code=%s, @child_jobs=%s, @log_summary=%s, @poll_snapshot=%s, @ds_start_time=%s, @ds_end_time=%s, parameters: ('20260611T083031', 'DATASTAGE_MALHA_VIDA', 'SeqExecCargaVida', 'BI_VIDA', 237, '2324959', 'RUNNING', 0, '', '', '{"ts": "2026-06-11T09:15:37Z", "status_code": 0, "status_text": "RUNNING (0)"}', '', None)
[2026-06-11T06:16:37.273-0300] {base.py:84} INFO - Retrieving connection 'ssh_lnxprd021'
[2026-06-11T06:16:37.273-0300] {ssh.py:298} WARNING - No Host Key Verification. This won't protect against Man-In-The-Middle attacks
[2026-06-11T06:16:37.300-0300] {transport.py:1944} INFO - Connected (version 2.0, client OpenSSH_8.0)
[2026-06-11T06:16:37.507-0300] {transport.py:1944} INFO - Authentication (password) successful!
[2026-06-11T06:16:39.029-0300] {datastage_operator.py:127} INFO - [DS] wave=237  status=0(RUNNING (0))  controller=not available
[2026-06-11T06:16:39.034-0300] {base.py:84} INFO - Retrieving connection 'SQL14_DMDB41'
[2026-06-11T06:16:39.053-0300] {sql.py:861} INFO - Running statement: EXEC dbo.sp_etl_ds_job_log_upsert @execution_id=%s, @pipeline_name=%s, @job_name=%s, @project=%s, @wave_number=%s, @pid=%s, @status=%s, @status_code=%s, @child_jobs=%s, @log_summary=%s, @poll_snapshot=%s, @ds_start_time=%s, @ds_end_time=%s, parameters: ('20260611T083031', 'DATASTAGE_MALHA_VIDA', 'SeqExecCargaVida', 'BI_VIDA', 237, '2324959', 'RUNNING', 0, '', '', '{"ts": "2026-06-11T09:16:39Z", "status_code": 0, "status_text": "RUNNING (0)"}', '', None)
[2026-06-11T06:17:39.062-0300] {base.py:84} INFO - Retrieving connection 'ssh_lnxprd021'
[2026-06-11T06:17:39.062-0300] {ssh.py:298} WARNING - No Host Key Verification. This won't protect against Man-In-The-Middle attacks
[2026-06-11T06:17:39.084-0300] {transport.py:1944} INFO - Connected (version 2.0, client OpenSSH_8.0)
[2026-06-11T06:17:39.195-0300] {transport.py:1944} INFO - Authentication (password) successful!
[2026-06-11T06:17:40.383-0300] {datastage_operator.py:127} INFO - [DS] wave=237  status=0(RUNNING (0))  controller=not available
[2026-06-11T06:17:40.390-0300] {base.py:84} INFO - Retrieving connection 'SQL14_DMDB41'
[2026-06-11T06:17:40.416-0300] {sql.py:861} INFO - Running statement: EXEC dbo.sp_etl_ds_job_log_upsert @execution_id=%s, @pipeline_name=%s, @job_name=%s, @project=%s, @wave_number=%s, @pid=%s, @status=%s, @status_code=%s, @child_jobs=%s, @log_summary=%s, @poll_snapshot=%s, @ds_start_time=%s, @ds_end_time=%s, parameters: ('20260611T083031', 'DATASTAGE_MALHA_VIDA', 'SeqExecCargaVida', 'BI_VIDA', 237, '2324959', 'RUNNING', 0, '', '', '{"ts": "2026-06-11T09:17:40Z", "status_code": 0, "status_text": "RUNNING (0)"}', '', None)
[2026-06-11T06:18:40.425-0300] {base.py:84} INFO - Retrieving connection 'ssh_lnxprd021'
[2026-06-11T06:18:40.425-0300] {ssh.py:298} WARNING - No Host Key Verification. This won't protect against Man-In-The-Middle attacks
[2026-06-11T06:18:40.446-0300] {transport.py:1944} INFO - Connected (version 2.0, client OpenSSH_8.0)
[2026-06-11T06:18:40.561-0300] {transport.py:1944} INFO - Authentication (password) successful!
[2026-06-11T06:18:41.505-0300] {datastage_operator.py:127} INFO - [DS] wave=237  status=0(RUNNING (0))  controller=not available
[2026-06-11T06:18:41.511-0300] {base.py:84} INFO - Retrieving connection 'SQL14_DMDB41'
[2026-06-11T06:18:41.567-0300] {sql.py:861} INFO - Running statement: EXEC dbo.sp_etl_ds_job_log_upsert @execution_id=%s, @pipeline_name=%s, @job_name=%s, @project=%s, @wave_number=%s, @pid=%s, @status=%s, @status_code=%s, @child_jobs=%s, @log_summary=%s, @poll_snapshot=%s, @ds_start_time=%s, @ds_end_time=%s, parameters: ('20260611T083031', 'DATASTAGE_MALHA_VIDA', 'SeqExecCargaVida', 'BI_VIDA', 237, '2324959', 'RUNNING', 0, '', '', '{"ts": "2026-06-11T09:18:41Z", "status_code": 0, "status_text": "RUNNING (0)"}', '', None)
[2026-06-11T06:19:41.581-0300] {base.py:84} INFO - Retrieving connection 'ssh_lnxprd021'
[2026-06-11T06:19:41.582-0300] {ssh.py:298} WARNING - No Host Key Verification. This won't protect against Man-In-The-Middle attacks
[2026-06-11T06:19:41.600-0300] {transport.py:1944} INFO - Connected (version 2.0, client OpenSSH_8.0)
[2026-06-11T06:19:41.731-0300] {transport.py:1944} INFO - Authentication (password) successful!
[2026-06-11T06:19:43.116-0300] {datastage_operator.py:127} INFO - [DS] wave=237  status=0(RUNNING (0))  controller=not available
[2026-06-11T06:19:43.123-0300] {base.py:84} INFO - Retrieving connection 'SQL14_DMDB41'
[2026-06-11T06:19:43.144-0300] {sql.py:861} INFO - Running statement: EXEC dbo.sp_etl_ds_job_log_upsert @execution_id=%s, @pipeline_name=%s, @job_name=%s, @project=%s, @wave_number=%s, @pid=%s, @status=%s, @status_code=%s, @child_jobs=%s, @log_summary=%s, @poll_snapshot=%s, @ds_start_time=%s, @ds_end_time=%s, parameters: ('20260611T083031', 'DATASTAGE_MALHA_VIDA', 'SeqExecCargaVida', 'BI_VIDA', 237, '2324959', 'RUNNING', 0, '', '', '{"ts": "2026-06-11T09:19:43Z", "status_code": 0, "status_text": "RUNNING (0)"}', '', None)
[2026-06-11T06:20:43.153-0300] {base.py:84} INFO - Retrieving connection 'ssh_lnxprd021'
[2026-06-11T06:20:43.154-0300] {ssh.py:298} WARNING - No Host Key Verification. This won't protect against Man-In-The-Middle attacks
[2026-06-11T06:20:43.189-0300] {transport.py:1944} INFO - Connected (version 2.0, client OpenSSH_8.0)
[2026-06-11T06:20:43.341-0300] {transport.py:1944} INFO - Authentication (password) successful!
[2026-06-11T06:20:44.594-0300] {datastage_operator.py:127} INFO - [DS] wave=237  status=0(RUNNING (0))  controller=not available
[2026-06-11T06:20:44.602-0300] {base.py:84} INFO - Retrieving connection 'SQL14_DMDB41'
[2026-06-11T06:20:44.615-0300] {sql.py:861} INFO - Running statement: EXEC dbo.sp_etl_ds_job_log_upsert @execution_id=%s, @pipeline_name=%s, @job_name=%s, @project=%s, @wave_number=%s, @pid=%s, @status=%s, @status_code=%s, @child_jobs=%s, @log_summary=%s, @poll_snapshot=%s, @ds_start_time=%s, @ds_end_time=%s, parameters: ('20260611T083031', 'DATASTAGE_MALHA_VIDA', 'SeqExecCargaVida', 'BI_VIDA', 237, '2324959', 'RUNNING', 0, '', '', '{"ts": "2026-06-11T09:20:44Z", "status_code": 0, "status_text": "RUNNING (0)"}', '', None)
[2026-06-11T06:21:44.624-0300] {base.py:84} INFO - Retrieving connection 'ssh_lnxprd021'
[2026-06-11T06:21:44.624-0300] {ssh.py:298} WARNING - No Host Key Verification. This won't protect against Man-In-The-Middle attacks
[2026-06-11T06:21:44.642-0300] {transport.py:1944} INFO - Connected (version 2.0, client OpenSSH_8.0)
[2026-06-11T06:21:44.763-0300] {transport.py:1944} INFO - Authentication (password) successful!
[2026-06-11T06:21:45.814-0300] {datastage_operator.py:127} INFO - [DS] wave=237  status=0(RUNNING (0))  controller=not available
[2026-06-11T06:21:45.822-0300] {base.py:84} INFO - Retrieving connection 'SQL14_DMDB41'
[2026-06-11T06:21:45.914-0300] {sql.py:861} INFO - Running statement: EXEC dbo.sp_etl_ds_job_log_upsert @execution_id=%s, @pipeline_name=%s, @job_name=%s, @project=%s, @wave_number=%s, @pid=%s, @status=%s, @status_code=%s, @child_jobs=%s, @log_summary=%s, @poll_snapshot=%s, @ds_start_time=%s, @ds_end_time=%s, parameters: ('20260611T083031', 'DATASTAGE_MALHA_VIDA', 'SeqExecCargaVida', 'BI_VIDA', 237, '2324959', 'RUNNING', 0, '', '', '{"ts": "2026-06-11T09:21:45Z", "status_code": 0, "status_text": "RUNNING (0)"}', '', None)
[2026-06-11T06:22:45.946-0300] {base.py:84} INFO - Retrieving connection 'ssh_lnxprd021'
[2026-06-11T06:22:45.946-0300] {ssh.py:298} WARNING - No Host Key Verification. This won't protect against Man-In-The-Middle attacks
[2026-06-11T06:22:45.974-0300] {transport.py:1944} INFO - Connected (version 2.0, client OpenSSH_8.0)
[2026-06-11T06:22:46.099-0300] {transport.py:1944} INFO - Authentication (password) successful!
[2026-06-11T06:22:47.192-0300] {datastage_operator.py:127} INFO - [DS] wave=237  status=0(RUNNING (0))  controller=not available
[2026-06-11T06:22:47.201-0300] {base.py:84} INFO - Retrieving connection 'SQL14_DMDB41'
[2026-06-11T06:22:47.224-0300] {sql.py:861} INFO - Running statement: EXEC dbo.sp_etl_ds_job_log_upsert @execution_id=%s, @pipeline_name=%s, @job_name=%s, @project=%s, @wave_number=%s, @pid=%s, @status=%s, @status_code=%s, @child_jobs=%s, @log_summary=%s, @poll_snapshot=%s, @ds_start_time=%s, @ds_end_time=%s, parameters: ('20260611T083031', 'DATASTAGE_MALHA_VIDA', 'SeqExecCargaVida', 'BI_VIDA', 237, '2324959', 'RUNNING', 0, '', '', '{"ts": "2026-06-11T09:22:47Z", "status_code": 0, "status_text": "RUNNING (0)"}', '', None)
[2026-06-11T06:23:47.235-0300] {base.py:84} INFO - Retrieving connection 'ssh_lnxprd021'
[2026-06-11T06:23:47.235-0300] {ssh.py:298} WARNING - No Host Key Verification. This won't protect against Man-In-The-Middle attacks
[2026-06-11T06:23:47.256-0300] {transport.py:1944} INFO - Connected (version 2.0, client OpenSSH_8.0)
[2026-06-11T06:23:47.371-0300] {transport.py:1944} INFO - Authentication (password) successful!
[2026-06-11T06:23:48.506-0300] {datastage_operator.py:127} INFO - [DS] wave=237  status=0(RUNNING (0))  controller=not available
[2026-06-11T06:23:48.512-0300] {base.py:84} INFO - Retrieving connection 'SQL14_DMDB41'
[2026-06-11T06:23:48.530-0300] {sql.py:861} INFO - Running statement: EXEC dbo.sp_etl_ds_job_log_upsert @execution_id=%s, @pipeline_name=%s, @job_name=%s, @project=%s, @wave_number=%s, @pid=%s, @status=%s, @status_code=%s, @child_jobs=%s, @log_summary=%s, @poll_snapshot=%s, @ds_start_time=%s, @ds_end_time=%s, parameters: ('20260611T083031', 'DATASTAGE_MALHA_VIDA', 'SeqExecCargaVida', 'BI_VIDA', 237, '2324959', 'RUNNING', 0, '', '', '{"ts": "2026-06-11T09:23:48Z", "status_code": 0, "status_text": "RUNNING (0)"}', '', None)
[2026-06-11T06:24:48.541-0300] {base.py:84} INFO - Retrieving connection 'ssh_lnxprd021'
[2026-06-11T06:24:48.542-0300] {ssh.py:298} WARNING - No Host Key Verification. This won't protect against Man-In-The-Middle attacks
[2026-06-11T06:24:48.558-0300] {transport.py:1944} INFO - Connected (version 2.0, client OpenSSH_8.0)
[2026-06-11T06:24:48.659-0300] {transport.py:1944} INFO - Authentication (password) successful!
[2026-06-11T06:24:49.756-0300] {datastage_operator.py:127} INFO - [DS] wave=237  status=0(RUNNING (0))  controller=not available
[2026-06-11T06:24:49.762-0300] {base.py:84} INFO - Retrieving connection 'SQL14_DMDB41'
[2026-06-11T06:24:49.782-0300] {sql.py:861} INFO - Running statement: EXEC dbo.sp_etl_ds_job_log_upsert @execution_id=%s, @pipeline_name=%s, @job_name=%s, @project=%s, @wave_number=%s, @pid=%s, @status=%s, @status_code=%s, @child_jobs=%s, @log_summary=%s, @poll_snapshot=%s, @ds_start_time=%s, @ds_end_time=%s, parameters: ('20260611T083031', 'DATASTAGE_MALHA_VIDA', 'SeqExecCargaVida', 'BI_VIDA', 237, '2324959', 'RUNNING', 0, '', '', '{"ts": "2026-06-11T09:24:49Z", "status_code": 0, "status_text": "RUNNING (0)"}', '', None)
[2026-06-11T06:25:49.794-0300] {base.py:84} INFO - Retrieving connection 'ssh_lnxprd021'
[2026-06-11T06:25:49.795-0300] {ssh.py:298} WARNING - No Host Key Verification. This won't protect against Man-In-The-Middle attacks
[2026-06-11T06:25:49.808-0300] {transport.py:1944} INFO - Connected (version 2.0, client OpenSSH_8.0)
[2026-06-11T06:25:49.893-0300] {transport.py:1944} INFO - Authentication (password) successful!
[2026-06-11T06:25:50.531-0300] {datastage_operator.py:127} INFO - [DS] wave=237  status=0(RUNNING (0))  controller=not available
[2026-06-11T06:25:50.538-0300] {base.py:84} INFO - Retrieving connection 'SQL14_DMDB41'
[2026-06-11T06:25:50.559-0300] {sql.py:861} INFO - Running statement: EXEC dbo.sp_etl_ds_job_log_upsert @execution_id=%s, @pipeline_name=%s, @job_name=%s, @project=%s, @wave_number=%s, @pid=%s, @status=%s, @status_code=%s, @child_jobs=%s, @log_summary=%s, @poll_snapshot=%s, @ds_start_time=%s, @ds_end_time=%s, parameters: ('20260611T083031', 'DATASTAGE_MALHA_VIDA', 'SeqExecCargaVida', 'BI_VIDA', 237, '2324959', 'RUNNING', 0, '', '', '{"ts": "2026-06-11T09:25:50Z", "status_code": 0, "status_text": "RUNNING (0)"}', '', None)
[2026-06-11T06:26:50.569-0300] {base.py:84} INFO - Retrieving connection 'ssh_lnxprd021'
[2026-06-11T06:26:50.569-0300] {ssh.py:298} WARNING - No Host Key Verification. This won't protect against Man-In-The-Middle attacks
[2026-06-11T06:26:50.593-0300] {transport.py:1944} INFO - Connected (version 2.0, client OpenSSH_8.0)
[2026-06-11T06:26:50.750-0300] {transport.py:1944} INFO - Authentication (password) successful!
[2026-06-11T06:26:52.056-0300] {datastage_operator.py:127} INFO - [DS] wave=237  status=0(RUNNING (0))  controller=not available
[2026-06-11T06:26:52.063-0300] {base.py:84} INFO - Retrieving connection 'SQL14_DMDB41'
[2026-06-11T06:26:52.076-0300] {sql.py:861} INFO - Running statement: EXEC dbo.sp_etl_ds_job_log_upsert @execution_id=%s, @pipeline_name=%s, @job_name=%s, @project=%s, @wave_number=%s, @pid=%s, @status=%s, @status_code=%s, @child_jobs=%s, @log_summary=%s, @poll_snapshot=%s, @ds_start_time=%s, @ds_end_time=%s, parameters: ('20260611T083031', 'DATASTAGE_MALHA_VIDA', 'SeqExecCargaVida', 'BI_VIDA', 237, '2324959', 'RUNNING', 0, '', '', '{"ts": "2026-06-11T09:26:52Z", "status_code": 0, "status_text": "RUNNING (0)"}', '', None)
[2026-06-11T06:27:52.085-0300] {base.py:84} INFO - Retrieving connection 'ssh_lnxprd021'
[2026-06-11T06:27:52.086-0300] {ssh.py:298} WARNING - No Host Key Verification. This won't protect against Man-In-The-Middle attacks
[2026-06-11T06:27:52.141-0300] {transport.py:1944} INFO - Connected (version 2.0, client OpenSSH_8.0)
[2026-06-11T06:27:52.430-0300] {transport.py:1944} INFO - Authentication (password) successful!
[2026-06-11T06:27:54.979-0300] {datastage_operator.py:127} INFO - [DS] wave=237  status=0(RUNNING (0))  controller=not available
[2026-06-11T06:27:54.984-0300] {base.py:84} INFO - Retrieving connection 'SQL14_DMDB41'
[2026-06-11T06:27:54.997-0300] {sql.py:861} INFO - Running statement: EXEC dbo.sp_etl_ds_job_log_upsert @execution_id=%s, @pipeline_name=%s, @job_name=%s, @project=%s, @wave_number=%s, @pid=%s, @status=%s, @status_code=%s, @child_jobs=%s, @log_summary=%s, @poll_snapshot=%s, @ds_start_time=%s, @ds_end_time=%s, parameters: ('20260611T083031', 'DATASTAGE_MALHA_VIDA', 'SeqExecCargaVida', 'BI_VIDA', 237, '2324959', 'RUNNING', 0, '', '', '{"ts": "2026-06-11T09:27:54Z", "status_code": 0, "status_text": "RUNNING (0)"}', '', None)
[2026-06-11T06:28:55.018-0300] {base.py:84} INFO - Retrieving connection 'ssh_lnxprd021'
[2026-06-11T06:28:55.019-0300] {ssh.py:298} WARNING - No Host Key Verification. This won't protect against Man-In-The-Middle attacks
[2026-06-11T06:28:55.038-0300] {transport.py:1944} INFO - Connected (version 2.0, client OpenSSH_8.0)
[2026-06-11T06:28:55.201-0300] {transport.py:1944} INFO - Authentication (password) successful!
[2026-06-11T06:28:56.658-0300] {datastage_operator.py:127} INFO - [DS] wave=237  status=0(RUNNING (0))  controller=not available
[2026-06-11T06:28:56.663-0300] {base.py:84} INFO - Retrieving connection 'SQL14_DMDB41'
[2026-06-11T06:28:56.682-0300] {sql.py:861} INFO - Running statement: EXEC dbo.sp_etl_ds_job_log_upsert @execution_id=%s, @pipeline_name=%s, @job_name=%s, @project=%s, @wave_number=%s, @pid=%s, @status=%s, @status_code=%s, @child_jobs=%s, @log_summary=%s, @poll_snapshot=%s, @ds_start_time=%s, @ds_end_time=%s, parameters: ('20260611T083031', 'DATASTAGE_MALHA_VIDA', 'SeqExecCargaVida', 'BI_VIDA', 237, '2324959', 'RUNNING', 0, '', '', '{"ts": "2026-06-11T09:28:56Z", "status_code": 0, "status_text": "RUNNING (0)"}', '', None)
[2026-06-11T06:29:56.693-0300] {base.py:84} INFO - Retrieving connection 'ssh_lnxprd021'
[2026-06-11T06:29:56.693-0300] {ssh.py:298} WARNING - No Host Key Verification. This won't protect against Man-In-The-Middle attacks
[2026-06-11T06:29:56.708-0300] {transport.py:1944} INFO - Connected (version 2.0, client OpenSSH_8.0)
[2026-06-11T06:29:56.832-0300] {transport.py:1944} INFO - Authentication (password) successful!
[2026-06-11T06:29:58.036-0300] {datastage_operator.py:127} INFO - [DS] wave=237  status=0(RUNNING (0))  controller=not available
[2026-06-11T06:29:58.042-0300] {base.py:84} INFO - Retrieving connection 'SQL14_DMDB41'
[2026-06-11T06:29:58.066-0300] {sql.py:861} INFO - Running statement: EXEC dbo.sp_etl_ds_job_log_upsert @execution_id=%s, @pipeline_name=%s, @job_name=%s, @project=%s, @wave_number=%s, @pid=%s, @status=%s, @status_code=%s, @child_jobs=%s, @log_summary=%s, @poll_snapshot=%s, @ds_start_time=%s, @ds_end_time=%s, parameters: ('20260611T083031', 'DATASTAGE_MALHA_VIDA', 'SeqExecCargaVida', 'BI_VIDA', 237, '2324959', 'RUNNING', 0, '', '', '{"ts": "2026-06-11T09:29:58Z", "status_code": 0, "status_text": "RUNNING (0)"}', '', None)
[2026-06-11T06:30:58.076-0300] {base.py:84} INFO - Retrieving connection 'ssh_lnxprd021'
[2026-06-11T06:30:58.077-0300] {ssh.py:298} WARNING - No Host Key Verification. This won't protect against Man-In-The-Middle attacks
[2026-06-11T06:30:58.116-0300] {transport.py:1944} INFO - Connected (version 2.0, client OpenSSH_8.0)
[2026-06-11T06:30:58.192-0300] {transport.py:1944} INFO - Authentication (password) successful!
[2026-06-11T06:30:59.282-0300] {datastage_operator.py:127} INFO - [DS] wave=237  status=0(RUNNING (0))  controller=not available
[2026-06-11T06:30:59.288-0300] {base.py:84} INFO - Retrieving connection 'SQL14_DMDB41'
[2026-06-11T06:30:59.312-0300] {sql.py:861} INFO - Running statement: EXEC dbo.sp_etl_ds_job_log_upsert @execution_id=%s, @pipeline_name=%s, @job_name=%s, @project=%s, @wave_number=%s, @pid=%s, @status=%s, @status_code=%s, @child_jobs=%s, @log_summary=%s, @poll_snapshot=%s, @ds_start_time=%s, @ds_end_time=%s, parameters: ('20260611T083031', 'DATASTAGE_MALHA_VIDA', 'SeqExecCargaVida', 'BI_VIDA', 237, '2324959', 'RUNNING', 0, '', '', '{"ts": "2026-06-11T09:30:59Z", "status_code": 0, "status_text": "RUNNING (0)"}', '', None)
[2026-06-11T06:31:59.320-0300] {base.py:84} INFO - Retrieving connection 'ssh_lnxprd021'
[2026-06-11T06:31:59.320-0300] {ssh.py:298} WARNING - No Host Key Verification. This won't protect against Man-In-The-Middle attacks
[2026-06-11T06:31:59.341-0300] {transport.py:1944} INFO - Connected (version 2.0, client OpenSSH_8.0)
[2026-06-11T06:31:59.448-0300] {transport.py:1944} INFO - Authentication (password) successful!
[2026-06-11T06:32:00.510-0300] {datastage_operator.py:127} INFO - [DS] wave=237  status=0(RUNNING (0))  controller=not available
[2026-06-11T06:32:00.520-0300] {base.py:84} INFO - Retrieving connection 'SQL14_DMDB41'
[2026-06-11T06:32:00.538-0300] {sql.py:861} INFO - Running statement: EXEC dbo.sp_etl_ds_job_log_upsert @execution_id=%s, @pipeline_name=%s, @job_name=%s, @project=%s, @wave_number=%s, @pid=%s, @status=%s, @status_code=%s, @child_jobs=%s, @log_summary=%s, @poll_snapshot=%s, @ds_start_time=%s, @ds_end_time=%s, parameters: ('20260611T083031', 'DATASTAGE_MALHA_VIDA', 'SeqExecCargaVida', 'BI_VIDA', 237, '2324959', 'RUNNING', 0, '', '', '{"ts": "2026-06-11T09:32:00Z", "status_code": 0, "status_text": "RUNNING (0)"}', '', None)
[2026-06-11T06:33:00.550-0300] {base.py:84} INFO - Retrieving connection 'ssh_lnxprd021'
[2026-06-11T06:33:00.550-0300] {ssh.py:298} WARNING - No Host Key Verification. This won't protect against Man-In-The-Middle attacks
[2026-06-11T06:33:00.563-0300] {transport.py:1944} INFO - Connected (version 2.0, client OpenSSH_8.0)
[2026-06-11T06:33:00.641-0300] {transport.py:1944} INFO - Authentication (password) successful!
[2026-06-11T06:33:01.538-0300] {datastage_operator.py:127} INFO - [DS] wave=237  status=0(RUNNING (0))  controller=not available
[2026-06-11T06:33:01.543-0300] {base.py:84} INFO - Retrieving connection 'SQL14_DMDB41'
[2026-06-11T06:33:01.613-0300] {sql.py:861} INFO - Running statement: EXEC dbo.sp_etl_ds_job_log_upsert @execution_id=%s, @pipeline_name=%s, @job_name=%s, @project=%s, @wave_number=%s, @pid=%s, @status=%s, @status_code=%s, @child_jobs=%s, @log_summary=%s, @poll_snapshot=%s, @ds_start_time=%s, @ds_end_time=%s, parameters: ('20260611T083031', 'DATASTAGE_MALHA_VIDA', 'SeqExecCargaVida', 'BI_VIDA', 237, '2324959', 'RUNNING', 0, '', '', '{"ts": "2026-06-11T09:33:01Z", "status_code": 0, "status_text": "RUNNING (0)"}', '', None)
[2026-06-11T06:34:01.635-0300] {base.py:84} INFO - Retrieving connection 'ssh_lnxprd021'
[2026-06-11T06:34:01.636-0300] {ssh.py:298} WARNING - No Host Key Verification. This won't protect against Man-In-The-Middle attacks
[2026-06-11T06:34:01.661-0300] {transport.py:1944} INFO - Connected (version 2.0, client OpenSSH_8.0)
[2026-06-11T06:34:01.785-0300] {transport.py:1944} INFO - Authentication (password) successful!
[2026-06-11T06:34:02.908-0300] {datastage_operator.py:127} INFO - [DS] wave=237  status=0(RUNNING (0))  controller=not available
[2026-06-11T06:34:02.914-0300] {base.py:84} INFO - Retrieving connection 'SQL14_DMDB41'
[2026-06-11T06:34:02.929-0300] {sql.py:861} INFO - Running statement: EXEC dbo.sp_etl_ds_job_log_upsert @execution_id=%s, @pipeline_name=%s, @job_name=%s, @project=%s, @wave_number=%s, @pid=%s, @status=%s, @status_code=%s, @child_jobs=%s, @log_summary=%s, @poll_snapshot=%s, @ds_start_time=%s, @ds_end_time=%s, parameters: ('20260611T083031', 'DATASTAGE_MALHA_VIDA', 'SeqExecCargaVida', 'BI_VIDA', 237, '2324959', 'RUNNING', 0, '', '', '{"ts": "2026-06-11T09:34:02Z", "status_code": 0, "status_text": "RUNNING (0)"}', '', None)
[2026-06-11T06:35:02.937-0300] {base.py:84} INFO - Retrieving connection 'ssh_lnxprd021'
[2026-06-11T06:35:02.937-0300] {ssh.py:298} WARNING - No Host Key Verification. This won't protect against Man-In-The-Middle attacks
[2026-06-11T06:35:02.951-0300] {transport.py:1944} INFO - Connected (version 2.0, client OpenSSH_8.0)
[2026-06-11T06:35:03.070-0300] {transport.py:1944} INFO - Authentication (password) successful!
[2026-06-11T06:35:03.813-0300] {datastage_operator.py:127} INFO - [DS] wave=237  status=0(RUNNING (0))  controller=not available
[2026-06-11T06:35:03.818-0300] {base.py:84} INFO - Retrieving connection 'SQL14_DMDB41'
[2026-06-11T06:35:03.837-0300] {sql.py:861} INFO - Running statement: EXEC dbo.sp_etl_ds_job_log_upsert @execution_id=%s, @pipeline_name=%s, @job_name=%s, @project=%s, @wave_number=%s, @pid=%s, @status=%s, @status_code=%s, @child_jobs=%s, @log_summary=%s, @poll_snapshot=%s, @ds_start_time=%s, @ds_end_time=%s, parameters: ('20260611T083031', 'DATASTAGE_MALHA_VIDA', 'SeqExecCargaVida', 'BI_VIDA', 237, '2324959', 'RUNNING', 0, '', '', '{"ts": "2026-06-11T09:35:03Z", "status_code": 0, "status_text": "RUNNING (0)"}', '', None)
[2026-06-11T06:36:03.848-0300] {base.py:84} INFO - Retrieving connection 'ssh_lnxprd021'
[2026-06-11T06:36:03.849-0300] {ssh.py:298} WARNING - No Host Key Verification. This won't protect against Man-In-The-Middle attacks
[2026-06-11T06:36:03.875-0300] {transport.py:1944} INFO - Connected (version 2.0, client OpenSSH_8.0)
[2026-06-11T06:36:03.996-0300] {transport.py:1944} INFO - Authentication (password) successful!
[2026-06-11T06:36:05.409-0300] {datastage_operator.py:127} INFO - [DS] wave=237  status=0(RUNNING (0))  controller=not available
[2026-06-11T06:36:05.415-0300] {base.py:84} INFO - Retrieving connection 'SQL14_DMDB41'
[2026-06-11T06:36:05.434-0300] {sql.py:861} INFO - Running statement: EXEC dbo.sp_etl_ds_job_log_upsert @execution_id=%s, @pipeline_name=%s, @job_name=%s, @project=%s, @wave_number=%s, @pid=%s, @status=%s, @status_code=%s, @child_jobs=%s, @log_summary=%s, @poll_snapshot=%s, @ds_start_time=%s, @ds_end_time=%s, parameters: ('20260611T083031', 'DATASTAGE_MALHA_VIDA', 'SeqExecCargaVida', 'BI_VIDA', 237, '2324959', 'RUNNING', 0, '', '', '{"ts": "2026-06-11T09:36:05Z", "status_code": 0, "status_text": "RUNNING (0)"}', '', None)
[2026-06-11T06:37:05.448-0300] {base.py:84} INFO - Retrieving connection 'ssh_lnxprd021'
[2026-06-11T06:37:05.449-0300] {ssh.py:298} WARNING - No Host Key Verification. This won't protect against Man-In-The-Middle attacks
[2026-06-11T06:37:05.468-0300] {transport.py:1944} INFO - Connected (version 2.0, client OpenSSH_8.0)
[2026-06-11T06:37:05.626-0300] {transport.py:1944} INFO - Authentication (password) successful!
[2026-06-11T06:37:06.831-0300] {datastage_operator.py:127} INFO - [DS] wave=237  status=0(RUNNING (0))  controller=not available
[2026-06-11T06:37:06.837-0300] {base.py:84} INFO - Retrieving connection 'SQL14_DMDB41'
[2026-06-11T06:37:06.854-0300] {sql.py:861} INFO - Running statement: EXEC dbo.sp_etl_ds_job_log_upsert @execution_id=%s, @pipeline_name=%s, @job_name=%s, @project=%s, @wave_number=%s, @pid=%s, @status=%s, @status_code=%s, @child_jobs=%s, @log_summary=%s, @poll_snapshot=%s, @ds_start_time=%s, @ds_end_time=%s, parameters: ('20260611T083031', 'DATASTAGE_MALHA_VIDA', 'SeqExecCargaVida', 'BI_VIDA', 237, '2324959', 'RUNNING', 0, '', '', '{"ts": "2026-06-11T09:37:06Z", "status_code": 0, "status_text": "RUNNING (0)"}', '', None)
[2026-06-11T06:38:06.863-0300] {base.py:84} INFO - Retrieving connection 'ssh_lnxprd021'
[2026-06-11T06:38:06.864-0300] {ssh.py:298} WARNING - No Host Key Verification. This won't protect against Man-In-The-Middle attacks
[2026-06-11T06:38:06.882-0300] {transport.py:1944} INFO - Connected (version 2.0, client OpenSSH_8.0)
[2026-06-11T06:38:07.051-0300] {transport.py:1944} INFO - Authentication (password) successful!
[2026-06-11T06:38:08.482-0300] {datastage_operator.py:127} INFO - [DS] wave=237  status=0(RUNNING (0))  controller=not available
[2026-06-11T06:38:08.488-0300] {base.py:84} INFO - Retrieving connection 'SQL14_DMDB41'
[2026-06-11T06:38:08.506-0300] {sql.py:861} INFO - Running statement: EXEC dbo.sp_etl_ds_job_log_upsert @execution_id=%s, @pipeline_name=%s, @job_name=%s, @project=%s, @wave_number=%s, @pid=%s, @status=%s, @status_code=%s, @child_jobs=%s, @log_summary=%s, @poll_snapshot=%s, @ds_start_time=%s, @ds_end_time=%s, parameters: ('20260611T083031', 'DATASTAGE_MALHA_VIDA', 'SeqExecCargaVida', 'BI_VIDA', 237, '2324959', 'RUNNING', 0, '', '', '{"ts": "2026-06-11T09:38:08Z", "status_code": 0, "status_text": "RUNNING (0)"}', '', None)
[2026-06-11T06:39:08.520-0300] {base.py:84} INFO - Retrieving connection 'ssh_lnxprd021'
[2026-06-11T06:39:08.520-0300] {ssh.py:298} WARNING - No Host Key Verification. This won't protect against Man-In-The-Middle attacks
[2026-06-11T06:39:08.535-0300] {transport.py:1944} INFO - Connected (version 2.0, client OpenSSH_8.0)
[2026-06-11T06:39:08.688-0300] {transport.py:1944} INFO - Authentication (password) successful!
[2026-06-11T06:39:10.472-0300] {datastage_operator.py:127} INFO - [DS] wave=237  status=0(RUNNING (0))  controller=not available
[2026-06-11T06:39:10.478-0300] {base.py:84} INFO - Retrieving connection 'SQL14_DMDB41'
[2026-06-11T06:39:10.519-0300] {sql.py:861} INFO - Running statement: EXEC dbo.sp_etl_ds_job_log_upsert @execution_id=%s, @pipeline_name=%s, @job_name=%s, @project=%s, @wave_number=%s, @pid=%s, @status=%s, @status_code=%s, @child_jobs=%s, @log_summary=%s, @poll_snapshot=%s, @ds_start_time=%s, @ds_end_time=%s, parameters: ('20260611T083031', 'DATASTAGE_MALHA_VIDA', 'SeqExecCargaVida', 'BI_VIDA', 237, '2324959', 'RUNNING', 0, '', '', '{"ts": "2026-06-11T09:39:10Z", "status_code": 0, "status_text": "RUNNING (0)"}', '', None)
[2026-06-11T06:40:10.533-0300] {base.py:84} INFO - Retrieving connection 'ssh_lnxprd021'
[2026-06-11T06:40:10.534-0300] {ssh.py:298} WARNING - No Host Key Verification. This won't protect against Man-In-The-Middle attacks
[2026-06-11T06:40:10.557-0300] {transport.py:1944} INFO - Connected (version 2.0, client OpenSSH_8.0)
[2026-06-11T06:40:10.697-0300] {transport.py:1944} INFO - Authentication (password) successful!
[2026-06-11T06:40:11.460-0300] {datastage_operator.py:127} INFO - [DS] wave=237  status=0(RUNNING (0))  controller=not available
[2026-06-11T06:40:11.468-0300] {base.py:84} INFO - Retrieving connection 'SQL14_DMDB41'
[2026-06-11T06:40:11.481-0300] {sql.py:861} INFO - Running statement: EXEC dbo.sp_etl_ds_job_log_upsert @execution_id=%s, @pipeline_name=%s, @job_name=%s, @project=%s, @wave_number=%s, @pid=%s, @status=%s, @status_code=%s, @child_jobs=%s, @log_summary=%s, @poll_snapshot=%s, @ds_start_time=%s, @ds_end_time=%s, parameters: ('20260611T083031', 'DATASTAGE_MALHA_VIDA', 'SeqExecCargaVida', 'BI_VIDA', 237, '2324959', 'RUNNING', 0, '', '', '{"ts": "2026-06-11T09:40:11Z", "status_code": 0, "status_text": "RUNNING (0)"}', '', None)
[2026-06-11T06:41:11.490-0300] {base.py:84} INFO - Retrieving connection 'ssh_lnxprd021'
[2026-06-11T06:41:11.490-0300] {ssh.py:298} WARNING - No Host Key Verification. This won't protect against Man-In-The-Middle attacks
[2026-06-11T06:41:11.516-0300] {transport.py:1944} INFO - Connected (version 2.0, client OpenSSH_8.0)
[2026-06-11T06:41:11.665-0300] {transport.py:1944} INFO - Authentication (password) successful!
[2026-06-11T06:41:12.958-0300] {datastage_operator.py:127} INFO - [DS] wave=237  status=0(RUNNING (0))  controller=not available
[2026-06-11T06:41:12.970-0300] {base.py:84} INFO - Retrieving connection 'SQL14_DMDB41'
[2026-06-11T06:41:13.016-0300] {sql.py:861} INFO - Running statement: EXEC dbo.sp_etl_ds_job_log_upsert @execution_id=%s, @pipeline_name=%s, @job_name=%s, @project=%s, @wave_number=%s, @pid=%s, @status=%s, @status_code=%s, @child_jobs=%s, @log_summary=%s, @poll_snapshot=%s, @ds_start_time=%s, @ds_end_time=%s, parameters: ('20260611T083031', 'DATASTAGE_MALHA_VIDA', 'SeqExecCargaVida', 'BI_VIDA', 237, '2324959', 'RUNNING', 0, '', '', '{"ts": "2026-06-11T09:41:12Z", "status_code": 0, "status_text": "RUNNING (0)"}', '', None)
[2026-06-11T06:42:13.025-0300] {base.py:84} INFO - Retrieving connection 'ssh_lnxprd021'
[2026-06-11T06:42:13.025-0300] {ssh.py:298} WARNING - No Host Key Verification. This won't protect against Man-In-The-Middle attacks
[2026-06-11T06:42:13.045-0300] {transport.py:1944} INFO - Connected (version 2.0, client OpenSSH_8.0)
[2026-06-11T06:42:13.204-0300] {transport.py:1944} INFO - Authentication (password) successful!
[2026-06-11T06:42:14.319-0300] {datastage_operator.py:127} INFO - [DS] wave=237  status=0(RUNNING (0))  controller=not available
[2026-06-11T06:42:14.324-0300] {base.py:84} INFO - Retrieving connection 'SQL14_DMDB41'
[2026-06-11T06:42:14.404-0300] {sql.py:861} INFO - Running statement: EXEC dbo.sp_etl_ds_job_log_upsert @execution_id=%s, @pipeline_name=%s, @job_name=%s, @project=%s, @wave_number=%s, @pid=%s, @status=%s, @status_code=%s, @child_jobs=%s, @log_summary=%s, @poll_snapshot=%s, @ds_start_time=%s, @ds_end_time=%s, parameters: ('20260611T083031', 'DATASTAGE_MALHA_VIDA', 'SeqExecCargaVida', 'BI_VIDA', 237, '2324959', 'RUNNING', 0, '', '', '{"ts": "2026-06-11T09:42:14Z", "status_code": 0, "status_text": "RUNNING (0)"}', '', None)
[2026-06-11T06:43:14.424-0300] {base.py:84} INFO - Retrieving connection 'ssh_lnxprd021'
[2026-06-11T06:43:14.424-0300] {ssh.py:298} WARNING - No Host Key Verification. This won't protect against Man-In-The-Middle attacks
[2026-06-11T06:43:14.444-0300] {transport.py:1944} INFO - Connected (version 2.0, client OpenSSH_8.0)
[2026-06-11T06:43:14.599-0300] {transport.py:1944} INFO - Authentication (password) successful!
[2026-06-11T06:43:15.693-0300] {datastage_operator.py:127} INFO - [DS] wave=237  status=0(RUNNING (0))  controller=not available
[2026-06-11T06:43:15.699-0300] {base.py:84} INFO - Retrieving connection 'SQL14_DMDB41'
[2026-06-11T06:43:15.719-0300] {sql.py:861} INFO - Running statement: EXEC dbo.sp_etl_ds_job_log_upsert @execution_id=%s, @pipeline_name=%s, @job_name=%s, @project=%s, @wave_number=%s, @pid=%s, @status=%s, @status_code=%s, @child_jobs=%s, @log_summary=%s, @poll_snapshot=%s, @ds_start_time=%s, @ds_end_time=%s, parameters: ('20260611T083031', 'DATASTAGE_MALHA_VIDA', 'SeqExecCargaVida', 'BI_VIDA', 237, '2324959', 'RUNNING', 0, '', '', '{"ts": "2026-06-11T09:43:15Z", "status_code": 0, "status_text": "RUNNING (0)"}', '', None)
[2026-06-11T06:44:15.728-0300] {base.py:84} INFO - Retrieving connection 'ssh_lnxprd021'
[2026-06-11T06:44:15.728-0300] {ssh.py:298} WARNING - No Host Key Verification. This won't protect against Man-In-The-Middle attacks
[2026-06-11T06:44:15.757-0300] {transport.py:1944} INFO - Connected (version 2.0, client OpenSSH_8.0)
[2026-06-11T06:44:15.944-0300] {transport.py:1944} INFO - Authentication (password) successful!
[2026-06-11T06:44:17.449-0300] {datastage_operator.py:127} INFO - [DS] wave=237  status=0(RUNNING (0))  controller=not available
[2026-06-11T06:44:17.455-0300] {base.py:84} INFO - Retrieving connection 'SQL14_DMDB41'
[2026-06-11T06:44:17.474-0300] {sql.py:861} INFO - Running statement: EXEC dbo.sp_etl_ds_job_log_upsert @execution_id=%s, @pipeline_name=%s, @job_name=%s, @project=%s, @wave_number=%s, @pid=%s, @status=%s, @status_code=%s, @child_jobs=%s, @log_summary=%s, @poll_snapshot=%s, @ds_start_time=%s, @ds_end_time=%s, parameters: ('20260611T083031', 'DATASTAGE_MALHA_VIDA', 'SeqExecCargaVida', 'BI_VIDA', 237, '2324959', 'RUNNING', 0, '', '', '{"ts": "2026-06-11T09:44:17Z", "status_code": 0, "status_text": "RUNNING (0)"}', '', None)
[2026-06-11T06:45:17.485-0300] {base.py:84} INFO - Retrieving connection 'ssh_lnxprd021'
[2026-06-11T06:45:17.486-0300] {ssh.py:298} WARNING - No Host Key Verification. This won't protect against Man-In-The-Middle attacks
[2026-06-11T06:45:17.513-0300] {transport.py:1944} INFO - Connected (version 2.0, client OpenSSH_8.0)
[2026-06-11T06:45:17.621-0300] {transport.py:1944} INFO - Authentication (password) successful!
[2026-06-11T06:45:18.775-0300] {datastage_operator.py:127} INFO - [DS] wave=237  status=0(RUNNING (0))  controller=not available
[2026-06-11T06:45:18.781-0300] {base.py:84} INFO - Retrieving connection 'SQL14_DMDB41'
[2026-06-11T06:45:18.801-0300] {sql.py:861} INFO - Running statement: EXEC dbo.sp_etl_ds_job_log_upsert @execution_id=%s, @pipeline_name=%s, @job_name=%s, @project=%s, @wave_number=%s, @pid=%s, @status=%s, @status_code=%s, @child_jobs=%s, @log_summary=%s, @poll_snapshot=%s, @ds_start_time=%s, @ds_end_time=%s, parameters: ('20260611T083031', 'DATASTAGE_MALHA_VIDA', 'SeqExecCargaVida', 'BI_VIDA', 237, '2324959', 'RUNNING', 0, '', '', '{"ts": "2026-06-11T09:45:18Z", "status_code": 0, "status_text": "RUNNING (0)"}', '', None)
[2026-06-11T06:46:18.811-0300] {base.py:84} INFO - Retrieving connection 'ssh_lnxprd021'
[2026-06-11T06:46:18.811-0300] {ssh.py:298} WARNING - No Host Key Verification. This won't protect against Man-In-The-Middle attacks
[2026-06-11T06:46:18.838-0300] {transport.py:1944} INFO - Connected (version 2.0, client OpenSSH_8.0)
[2026-06-11T06:46:19.024-0300] {transport.py:1944} INFO - Authentication (password) successful!
[2026-06-11T06:46:20.092-0300] {datastage_operator.py:127} INFO - [DS] wave=237  status=0(RUNNING (0))  controller=not available
[2026-06-11T06:46:20.098-0300] {base.py:84} INFO - Retrieving connection 'SQL14_DMDB41'
[2026-06-11T06:46:20.119-0300] {sql.py:861} INFO - Running statement: EXEC dbo.sp_etl_ds_job_log_upsert @execution_id=%s, @pipeline_name=%s, @job_name=%s, @project=%s, @wave_number=%s, @pid=%s, @status=%s, @status_code=%s, @child_jobs=%s, @log_summary=%s, @poll_snapshot=%s, @ds_start_time=%s, @ds_end_time=%s, parameters: ('20260611T083031', 'DATASTAGE_MALHA_VIDA', 'SeqExecCargaVida', 'BI_VIDA', 237, '2324959', 'RUNNING', 0, '', '', '{"ts": "2026-06-11T09:46:20Z", "status_code": 0, "status_text": "RUNNING (0)"}', '', None)
[2026-06-11T06:47:20.130-0300] {base.py:84} INFO - Retrieving connection 'ssh_lnxprd021'
[2026-06-11T06:47:20.130-0300] {ssh.py:298} WARNING - No Host Key Verification. This won't protect against Man-In-The-Middle attacks
[2026-06-11T06:47:20.154-0300] {transport.py:1944} INFO - Connected (version 2.0, client OpenSSH_8.0)
[2026-06-11T06:47:20.300-0300] {transport.py:1944} INFO - Authentication (password) successful!
[2026-06-11T06:47:21.418-0300] {datastage_operator.py:127} INFO - [DS] wave=237  status=0(RUNNING (0))  controller=not available
[2026-06-11T06:47:21.423-0300] {base.py:84} INFO - Retrieving connection 'SQL14_DMDB41'
[2026-06-11T06:47:21.445-0300] {sql.py:861} INFO - Running statement: EXEC dbo.sp_etl_ds_job_log_upsert @execution_id=%s, @pipeline_name=%s, @job_name=%s, @project=%s, @wave_number=%s, @pid=%s, @status=%s, @status_code=%s, @child_jobs=%s, @log_summary=%s, @poll_snapshot=%s, @ds_start_time=%s, @ds_end_time=%s, parameters: ('20260611T083031', 'DATASTAGE_MALHA_VIDA', 'SeqExecCargaVida', 'BI_VIDA', 237, '2324959', 'RUNNING', 0, '', '', '{"ts": "2026-06-11T09:47:21Z", "status_code": 0, "status_text": "RUNNING (0)"}', '', None)
[2026-06-11T06:48:21.455-0300] {base.py:84} INFO - Retrieving connection 'ssh_lnxprd021'
[2026-06-11T06:48:21.456-0300] {ssh.py:298} WARNING - No Host Key Verification. This won't protect against Man-In-The-Middle attacks
[2026-06-11T06:48:21.470-0300] {transport.py:1944} INFO - Connected (version 2.0, client OpenSSH_8.0)
[2026-06-11T06:48:21.556-0300] {transport.py:1944} INFO - Authentication (password) successful!
[2026-06-11T06:48:22.216-0300] {datastage_operator.py:127} INFO - [DS] wave=237  status=0(RUNNING (0))  controller=not available
[2026-06-11T06:48:22.222-0300] {base.py:84} INFO - Retrieving connection 'SQL14_DMDB41'
[2026-06-11T06:48:22.249-0300] {sql.py:861} INFO - Running statement: EXEC dbo.sp_etl_ds_job_log_upsert @execution_id=%s, @pipeline_name=%s, @job_name=%s, @project=%s, @wave_number=%s, @pid=%s, @status=%s, @status_code=%s, @child_jobs=%s, @log_summary=%s, @poll_snapshot=%s, @ds_start_time=%s, @ds_end_time=%s, parameters: ('20260611T083031', 'DATASTAGE_MALHA_VIDA', 'SeqExecCargaVida', 'BI_VIDA', 237, '2324959', 'RUNNING', 0, '', '', '{"ts": "2026-06-11T09:48:22Z", "status_code": 0, "status_text": "RUNNING (0)"}', '', None)
[2026-06-11T06:49:22.263-0300] {base.py:84} INFO - Retrieving connection 'ssh_lnxprd021'
[2026-06-11T06:49:22.263-0300] {ssh.py:298} WARNING - No Host Key Verification. This won't protect against Man-In-The-Middle attacks
[2026-06-11T06:49:22.294-0300] {transport.py:1944} INFO - Connected (version 2.0, client OpenSSH_8.0)
[2026-06-11T06:49:22.451-0300] {transport.py:1944} INFO - Authentication (password) successful!
[2026-06-11T06:49:23.657-0300] {datastage_operator.py:127} INFO - [DS] wave=237  status=0(RUNNING (0))  controller=not available
[2026-06-11T06:49:23.663-0300] {base.py:84} INFO - Retrieving connection 'SQL14_DMDB41'
[2026-06-11T06:49:23.681-0300] {sql.py:861} INFO - Running statement: EXEC dbo.sp_etl_ds_job_log_upsert @execution_id=%s, @pipeline_name=%s, @job_name=%s, @project=%s, @wave_number=%s, @pid=%s, @status=%s, @status_code=%s, @child_jobs=%s, @log_summary=%s, @poll_snapshot=%s, @ds_start_time=%s, @ds_end_time=%s, parameters: ('20260611T083031', 'DATASTAGE_MALHA_VIDA', 'SeqExecCargaVida', 'BI_VIDA', 237, '2324959', 'RUNNING', 0, '', '', '{"ts": "2026-06-11T09:49:23Z", "status_code": 0, "status_text": "RUNNING (0)"}', '', None)
[2026-06-11T06:50:23.691-0300] {base.py:84} INFO - Retrieving connection 'ssh_lnxprd021'
[2026-06-11T06:50:23.692-0300] {ssh.py:298} WARNING - No Host Key Verification. This won't protect against Man-In-The-Middle attacks
[2026-06-11T06:50:23.727-0300] {transport.py:1944} INFO - Connected (version 2.0, client OpenSSH_8.0)
[2026-06-11T06:50:23.894-0300] {transport.py:1944} INFO - Authentication (password) successful!
[2026-06-11T06:50:25.139-0300] {datastage_operator.py:127} INFO - [DS] wave=237  status=0(RUNNING (0))  controller=not available
[2026-06-11T06:50:25.145-0300] {base.py:84} INFO - Retrieving connection 'SQL14_DMDB41'
[2026-06-11T06:50:25.179-0300] {sql.py:861} INFO - Running statement: EXEC dbo.sp_etl_ds_job_log_upsert @execution_id=%s, @pipeline_name=%s, @job_name=%s, @project=%s, @wave_number=%s, @pid=%s, @status=%s, @status_code=%s, @child_jobs=%s, @log_summary=%s, @poll_snapshot=%s, @ds_start_time=%s, @ds_end_time=%s, parameters: ('20260611T083031', 'DATASTAGE_MALHA_VIDA', 'SeqExecCargaVida', 'BI_VIDA', 237, '2324959', 'RUNNING', 0, '', '', '{"ts": "2026-06-11T09:50:25Z", "status_code": 0, "status_text": "RUNNING (0)"}', '', None)
[2026-06-11T06:51:25.189-0300] {base.py:84} INFO - Retrieving connection 'ssh_lnxprd021'
[2026-06-11T06:51:25.189-0300] {ssh.py:298} WARNING - No Host Key Verification. This won't protect against Man-In-The-Middle attacks
[2026-06-11T06:51:25.232-0300] {transport.py:1944} INFO - Connected (version 2.0, client OpenSSH_8.0)
[2026-06-11T06:51:25.381-0300] {transport.py:1944} INFO - Authentication (password) successful!
[2026-06-11T06:51:26.328-0300] {datastage_operator.py:127} INFO - [DS] wave=237  status=0(RUNNING (0))  controller=not available
[2026-06-11T06:51:26.335-0300] {base.py:84} INFO - Retrieving connection 'SQL14_DMDB41'
[2026-06-11T06:51:26.357-0300] {sql.py:861} INFO - Running statement: EXEC dbo.sp_etl_ds_job_log_upsert @execution_id=%s, @pipeline_name=%s, @job_name=%s, @project=%s, @wave_number=%s, @pid=%s, @status=%s, @status_code=%s, @child_jobs=%s, @log_summary=%s, @poll_snapshot=%s, @ds_start_time=%s, @ds_end_time=%s, parameters: ('20260611T083031', 'DATASTAGE_MALHA_VIDA', 'SeqExecCargaVida', 'BI_VIDA', 237, '2324959', 'RUNNING', 0, '', '', '{"ts": "2026-06-11T09:51:26Z", "status_code": 0, "status_text": "RUNNING (0)"}', '', None)
[2026-06-11T06:52:26.367-0300] {base.py:84} INFO - Retrieving connection 'ssh_lnxprd021'
[2026-06-11T06:52:26.367-0300] {ssh.py:298} WARNING - No Host Key Verification. This won't protect against Man-In-The-Middle attacks
[2026-06-11T06:52:26.393-0300] {transport.py:1944} INFO - Connected (version 2.0, client OpenSSH_8.0)
[2026-06-11T06:52:26.602-0300] {transport.py:1944} INFO - Authentication (password) successful!
[2026-06-11T06:52:27.788-0300] {datastage_operator.py:127} INFO - [DS] wave=237  status=0(RUNNING (0))  controller=not available
[2026-06-11T06:52:27.794-0300] {base.py:84} INFO - Retrieving connection 'SQL14_DMDB41'
[2026-06-11T06:52:27.818-0300] {sql.py:861} INFO - Running statement: EXEC dbo.sp_etl_ds_job_log_upsert @execution_id=%s, @pipeline_name=%s, @job_name=%s, @project=%s, @wave_number=%s, @pid=%s, @status=%s, @status_code=%s, @child_jobs=%s, @log_summary=%s, @poll_snapshot=%s, @ds_start_time=%s, @ds_end_time=%s, parameters: ('20260611T083031', 'DATASTAGE_MALHA_VIDA', 'SeqExecCargaVida', 'BI_VIDA', 237, '2324959', 'RUNNING', 0, '', '', '{"ts": "2026-06-11T09:52:27Z", "status_code": 0, "status_text": "RUNNING (0)"}', '', None)
[2026-06-11T06:53:27.828-0300] {base.py:84} INFO - Retrieving connection 'ssh_lnxprd021'
[2026-06-11T06:53:27.828-0300] {ssh.py:298} WARNING - No Host Key Verification. This won't protect against Man-In-The-Middle attacks
[2026-06-11T06:53:27.855-0300] {transport.py:1944} INFO - Connected (version 2.0, client OpenSSH_8.0)
[2026-06-11T06:53:27.976-0300] {transport.py:1944} INFO - Authentication (password) successful!
[2026-06-11T06:53:29.154-0300] {datastage_operator.py:127} INFO - [DS] wave=237  status=0(RUNNING (0))  controller=not available
[2026-06-11T06:53:29.161-0300] {base.py:84} INFO - Retrieving connection 'SQL14_DMDB41'
[2026-06-11T06:53:29.183-0300] {sql.py:861} INFO - Running statement: EXEC dbo.sp_etl_ds_job_log_upsert @execution_id=%s, @pipeline_name=%s, @job_name=%s, @project=%s, @wave_number=%s, @pid=%s, @status=%s, @status_code=%s, @child_jobs=%s, @log_summary=%s, @poll_snapshot=%s, @ds_start_time=%s, @ds_end_time=%s, parameters: ('20260611T083031', 'DATASTAGE_MALHA_VIDA', 'SeqExecCargaVida', 'BI_VIDA', 237, '2324959', 'RUNNING', 0, '', '', '{"ts": "2026-06-11T09:53:29Z", "status_code": 0, "status_text": "RUNNING (0)"}', '', None)
[2026-06-11T06:54:29.195-0300] {base.py:84} INFO - Retrieving connection 'ssh_lnxprd021'
[2026-06-11T06:54:29.195-0300] {ssh.py:298} WARNING - No Host Key Verification. This won't protect against Man-In-The-Middle attacks
[2026-06-11T06:54:29.229-0300] {transport.py:1944} INFO - Connected (version 2.0, client OpenSSH_8.0)
[2026-06-11T06:54:29.339-0300] {transport.py:1944} INFO - Authentication (password) successful!
[2026-06-11T06:54:29.693-0300] {datastage_operator.py:127} INFO - [DS] wave=237  status=0(RUNNING (0))  controller=not available
[2026-06-11T06:54:29.701-0300] {base.py:84} INFO - Retrieving connection 'SQL14_DMDB41'
[2026-06-11T06:54:29.724-0300] {sql.py:861} INFO - Running statement: EXEC dbo.sp_etl_ds_job_log_upsert @execution_id=%s, @pipeline_name=%s, @job_name=%s, @project=%s, @wave_number=%s, @pid=%s, @status=%s, @status_code=%s, @child_jobs=%s, @log_summary=%s, @poll_snapshot=%s, @ds_start_time=%s, @ds_end_time=%s, parameters: ('20260611T083031', 'DATASTAGE_MALHA_VIDA', 'SeqExecCargaVida', 'BI_VIDA', 237, '2324959', 'RUNNING', 0, '', '', '{"ts": "2026-06-11T09:54:29Z", "status_code": 0, "status_text": "RUNNING (0)"}', '', None)
[2026-06-11T06:55:29.733-0300] {base.py:84} INFO - Retrieving connection 'ssh_lnxprd021'
[2026-06-11T06:55:29.733-0300] {ssh.py:298} WARNING - No Host Key Verification. This won't protect against Man-In-The-Middle attacks
[2026-06-11T06:55:29.753-0300] {transport.py:1944} INFO - Connected (version 2.0, client OpenSSH_8.0)
[2026-06-11T06:55:29.838-0300] {transport.py:1944} INFO - Authentication (password) successful!
[2026-06-11T06:55:30.196-0300] {datastage_operator.py:127} INFO - [DS] wave=237  status=0(RUNNING (0))  controller=not available
[2026-06-11T06:55:30.202-0300] {base.py:84} INFO - Retrieving connection 'SQL14_DMDB41'
[2026-06-11T06:55:30.222-0300] {sql.py:861} INFO - Running statement: EXEC dbo.sp_etl_ds_job_log_upsert @execution_id=%s, @pipeline_name=%s, @job_name=%s, @project=%s, @wave_number=%s, @pid=%s, @status=%s, @status_code=%s, @child_jobs=%s, @log_summary=%s, @poll_snapshot=%s, @ds_start_time=%s, @ds_end_time=%s, parameters: ('20260611T083031', 'DATASTAGE_MALHA_VIDA', 'SeqExecCargaVida', 'BI_VIDA', 237, '2324959', 'RUNNING', 0, '', '', '{"ts": "2026-06-11T09:55:30Z", "status_code": 0, "status_text": "RUNNING (0)"}', '', None)
[2026-06-11T06:56:30.231-0300] {base.py:84} INFO - Retrieving connection 'ssh_lnxprd021'
[2026-06-11T06:56:30.232-0300] {ssh.py:298} WARNING - No Host Key Verification. This won't protect against Man-In-The-Middle attacks
[2026-06-11T06:56:30.332-0300] {transport.py:1944} INFO - Connected (version 2.0, client OpenSSH_8.0)
[2026-06-11T06:56:30.527-0300] {transport.py:1944} INFO - Authentication (password) successful!
[2026-06-11T06:56:32.253-0300] {datastage_operator.py:127} INFO - [DS] wave=237  status=0(RUNNING (0))  controller=not available
[2026-06-11T06:56:32.261-0300] {base.py:84} INFO - Retrieving connection 'SQL14_DMDB41'
[2026-06-11T06:56:32.286-0300] {sql.py:861} INFO - Running statement: EXEC dbo.sp_etl_ds_job_log_upsert @execution_id=%s, @pipeline_name=%s, @job_name=%s, @project=%s, @wave_number=%s, @pid=%s, @status=%s, @status_code=%s, @child_jobs=%s, @log_summary=%s, @poll_snapshot=%s, @ds_start_time=%s, @ds_end_time=%s, parameters: ('20260611T083031', 'DATASTAGE_MALHA_VIDA', 'SeqExecCargaVida', 'BI_VIDA', 237, '2324959', 'RUNNING', 0, '', '', '{"ts": "2026-06-11T09:56:32Z", "status_code": 0, "status_text": "RUNNING (0)"}', '', None)
[2026-06-11T06:57:32.294-0300] {base.py:84} INFO - Retrieving connection 'ssh_lnxprd021'
[2026-06-11T06:57:32.295-0300] {ssh.py:298} WARNING - No Host Key Verification. This won't protect against Man-In-The-Middle attacks
[2026-06-11T06:57:32.551-0300] {transport.py:1944} INFO - Connected (version 2.0, client OpenSSH_8.0)
[2026-06-11T06:57:32.866-0300] {transport.py:1944} INFO - Authentication (password) successful!
[2026-06-11T06:57:34.380-0300] {datastage_operator.py:127} INFO - [DS] wave=237  status=0(RUNNING (0))  controller=not available
[2026-06-11T06:57:34.386-0300] {base.py:84} INFO - Retrieving connection 'SQL14_DMDB41'
[2026-06-11T06:57:34.402-0300] {sql.py:861} INFO - Running statement: EXEC dbo.sp_etl_ds_job_log_upsert @execution_id=%s, @pipeline_name=%s, @job_name=%s, @project=%s, @wave_number=%s, @pid=%s, @status=%s, @status_code=%s, @child_jobs=%s, @log_summary=%s, @poll_snapshot=%s, @ds_start_time=%s, @ds_end_time=%s, parameters: ('20260611T083031', 'DATASTAGE_MALHA_VIDA', 'SeqExecCargaVida', 'BI_VIDA', 237, '2324959', 'RUNNING', 0, '', '', '{"ts": "2026-06-11T09:57:34Z", "status_code": 0, "status_text": "RUNNING (0)"}', '', None)
[2026-06-11T06:58:34.411-0300] {base.py:84} INFO - Retrieving connection 'ssh_lnxprd021'
[2026-06-11T06:58:34.411-0300] {ssh.py:298} WARNING - No Host Key Verification. This won't protect against Man-In-The-Middle attacks
[2026-06-11T06:58:34.425-0300] {transport.py:1944} INFO - Connected (version 2.0, client OpenSSH_8.0)
[2026-06-11T06:58:34.576-0300] {transport.py:1944} INFO - Authentication (password) successful!
[2026-06-11T06:58:35.706-0300] {datastage_operator.py:127} INFO - [DS] wave=237  status=0(RUNNING (0))  controller=not available
[2026-06-11T06:58:35.712-0300] {base.py:84} INFO - Retrieving connection 'SQL14_DMDB41'
[2026-06-11T06:58:35.734-0300] {sql.py:861} INFO - Running statement: EXEC dbo.sp_etl_ds_job_log_upsert @execution_id=%s, @pipeline_name=%s, @job_name=%s, @project=%s, @wave_number=%s, @pid=%s, @status=%s, @status_code=%s, @child_jobs=%s, @log_summary=%s, @poll_snapshot=%s, @ds_start_time=%s, @ds_end_time=%s, parameters: ('20260611T083031', 'DATASTAGE_MALHA_VIDA', 'SeqExecCargaVida', 'BI_VIDA', 237, '2324959', 'RUNNING', 0, '', '', '{"ts": "2026-06-11T09:58:35Z", "status_code": 0, "status_text": "RUNNING (0)"}', '', None)
[2026-06-11T06:59:35.742-0300] {base.py:84} INFO - Retrieving connection 'ssh_lnxprd021'
[2026-06-11T06:59:35.743-0300] {ssh.py:298} WARNING - No Host Key Verification. This won't protect against Man-In-The-Middle attacks
[2026-06-11T06:59:35.766-0300] {transport.py:1944} INFO - Connected (version 2.0, client OpenSSH_8.0)
[2026-06-11T06:59:35.890-0300] {transport.py:1944} INFO - Authentication (password) successful!
[2026-06-11T06:59:36.857-0300] {datastage_operator.py:127} INFO - [DS] wave=237  status=0(RUNNING (0))  controller=not available
[2026-06-11T06:59:36.864-0300] {base.py:84} INFO - Retrieving connection 'SQL14_DMDB41'
[2026-06-11T06:59:36.885-0300] {sql.py:861} INFO - Running statement: EXEC dbo.sp_etl_ds_job_log_upsert @execution_id=%s, @pipeline_name=%s, @job_name=%s, @project=%s, @wave_number=%s, @pid=%s, @status=%s, @status_code=%s, @child_jobs=%s, @log_summary=%s, @poll_snapshot=%s, @ds_start_time=%s, @ds_end_time=%s, parameters: ('20260611T083031', 'DATASTAGE_MALHA_VIDA', 'SeqExecCargaVida', 'BI_VIDA', 237, '2324959', 'RUNNING', 0, '', '', '{"ts": "2026-06-11T09:59:36Z", "status_code": 0, "status_text": "RUNNING (0)"}', '', None)
[2026-06-11T07:00:36.906-0300] {base.py:84} INFO - Retrieving connection 'ssh_lnxprd021'
[2026-06-11T07:00:36.906-0300] {ssh.py:298} WARNING - No Host Key Verification. This won't protect against Man-In-The-Middle attacks
[2026-06-11T07:00:36.935-0300] {transport.py:1944} INFO - Connected (version 2.0, client OpenSSH_8.0)
[2026-06-11T07:00:37.095-0300] {transport.py:1944} INFO - Authentication (password) successful!
[2026-06-11T07:00:38.364-0300] {datastage_operator.py:127} INFO - [DS] wave=237  status=0(RUNNING (0))  controller=not available
[2026-06-11T07:00:38.371-0300] {base.py:84} INFO - Retrieving connection 'SQL14_DMDB41'
[2026-06-11T07:00:38.466-0300] {sql.py:861} INFO - Running statement: EXEC dbo.sp_etl_ds_job_log_upsert @execution_id=%s, @pipeline_name=%s, @job_name=%s, @project=%s, @wave_number=%s, @pid=%s, @status=%s, @status_code=%s, @child_jobs=%s, @log_summary=%s, @poll_snapshot=%s, @ds_start_time=%s, @ds_end_time=%s, parameters: ('20260611T083031', 'DATASTAGE_MALHA_VIDA', 'SeqExecCargaVida', 'BI_VIDA', 237, '2324959', 'RUNNING', 0, '', '', '{"ts": "2026-06-11T10:00:38Z", "status_code": 0, "status_text": "RUNNING (0)"}', '', None)
[2026-06-11T07:01:38.502-0300] {base.py:84} INFO - Retrieving connection 'ssh_lnxprd021'
[2026-06-11T07:01:38.503-0300] {ssh.py:298} WARNING - No Host Key Verification. This won't protect against Man-In-The-Middle attacks
[2026-06-11T07:01:38.523-0300] {transport.py:1944} INFO - Connected (version 2.0, client OpenSSH_8.0)
[2026-06-11T07:01:38.745-0300] {transport.py:1944} INFO - Authentication (password) successful!
[2026-06-11T07:01:40.271-0300] {datastage_operator.py:127} INFO - [DS] wave=237  status=0(RUNNING (0))  controller=not available
[2026-06-11T07:01:40.278-0300] {base.py:84} INFO - Retrieving connection 'SQL14_DMDB41'
[2026-06-11T07:01:40.348-0300] {sql.py:861} INFO - Running statement: EXEC dbo.sp_etl_ds_job_log_upsert @execution_id=%s, @pipeline_name=%s, @job_name=%s, @project=%s, @wave_number=%s, @pid=%s, @status=%s, @status_code=%s, @child_jobs=%s, @log_summary=%s, @poll_snapshot=%s, @ds_start_time=%s, @ds_end_time=%s, parameters: ('20260611T083031', 'DATASTAGE_MALHA_VIDA', 'SeqExecCargaVida', 'BI_VIDA', 237, '2324959', 'RUNNING', 0, '', '', '{"ts": "2026-06-11T10:01:40Z", "status_code": 0, "status_text": "RUNNING (0)"}', '', None)
[2026-06-11T07:02:40.372-0300] {base.py:84} INFO - Retrieving connection 'ssh_lnxprd021'
[2026-06-11T07:02:40.372-0300] {ssh.py:298} WARNING - No Host Key Verification. This won't protect against Man-In-The-Middle attacks
[2026-06-11T07:02:40.404-0300] {transport.py:1944} INFO - Connected (version 2.0, client OpenSSH_8.0)
[2026-06-11T07:02:40.519-0300] {transport.py:1944} INFO - Authentication (password) successful!
[2026-06-11T07:02:41.762-0300] {datastage_operator.py:127} INFO - [DS] wave=237  status=0(RUNNING (0))  controller=not available
[2026-06-11T07:02:41.768-0300] {base.py:84} INFO - Retrieving connection 'SQL14_DMDB41'
[2026-06-11T07:02:41.796-0300] {sql.py:861} INFO - Running statement: EXEC dbo.sp_etl_ds_job_log_upsert @execution_id=%s, @pipeline_name=%s, @job_name=%s, @project=%s, @wave_number=%s, @pid=%s, @status=%s, @status_code=%s, @child_jobs=%s, @log_summary=%s, @poll_snapshot=%s, @ds_start_time=%s, @ds_end_time=%s, parameters: ('20260611T083031', 'DATASTAGE_MALHA_VIDA', 'SeqExecCargaVida', 'BI_VIDA', 237, '2324959', 'RUNNING', 0, '', '', '{"ts": "2026-06-11T10:02:41Z", "status_code": 0, "status_text": "RUNNING (0)"}', '', None)
[2026-06-11T07:03:41.805-0300] {base.py:84} INFO - Retrieving connection 'ssh_lnxprd021'
[2026-06-11T07:03:41.806-0300] {ssh.py:298} WARNING - No Host Key Verification. This won't protect against Man-In-The-Middle attacks
[2026-06-11T07:03:41.827-0300] {transport.py:1944} INFO - Connected (version 2.0, client OpenSSH_8.0)
[2026-06-11T07:03:41.972-0300] {transport.py:1944} INFO - Authentication (password) successful!
[2026-06-11T07:03:43.145-0300] {datastage_operator.py:127} INFO - [DS] wave=237  status=0(RUNNING (0))  controller=not available
[2026-06-11T07:03:43.151-0300] {base.py:84} INFO - Retrieving connection 'SQL14_DMDB41'
[2026-06-11T07:03:43.244-0300] {sql.py:861} INFO - Running statement: EXEC dbo.sp_etl_ds_job_log_upsert @execution_id=%s, @pipeline_name=%s, @job_name=%s, @project=%s, @wave_number=%s, @pid=%s, @status=%s, @status_code=%s, @child_jobs=%s, @log_summary=%s, @poll_snapshot=%s, @ds_start_time=%s, @ds_end_time=%s, parameters: ('20260611T083031', 'DATASTAGE_MALHA_VIDA', 'SeqExecCargaVida', 'BI_VIDA', 237, '2324959', 'RUNNING', 0, '', '', '{"ts": "2026-06-11T10:03:43Z", "status_code": 0, "status_text": "RUNNING (0)"}', '', None)
[2026-06-11T07:04:43.271-0300] {base.py:84} INFO - Retrieving connection 'ssh_lnxprd021'
[2026-06-11T07:04:43.272-0300] {ssh.py:298} WARNING - No Host Key Verification. This won't protect against Man-In-The-Middle attacks
[2026-06-11T07:04:43.294-0300] {transport.py:1944} INFO - Connected (version 2.0, client OpenSSH_8.0)
[2026-06-11T07:04:43.431-0300] {transport.py:1944} INFO - Authentication (password) successful!
[2026-06-11T07:04:44.697-0300] {datastage_operator.py:127} INFO - [DS] wave=237  status=0(RUNNING (0))  controller=not available
[2026-06-11T07:04:44.702-0300] {base.py:84} INFO - Retrieving connection 'SQL14_DMDB41'
[2026-06-11T07:04:44.744-0300] {sql.py:861} INFO - Running statement: EXEC dbo.sp_etl_ds_job_log_upsert @execution_id=%s, @pipeline_name=%s, @job_name=%s, @project=%s, @wave_number=%s, @pid=%s, @status=%s, @status_code=%s, @child_jobs=%s, @log_summary=%s, @poll_snapshot=%s, @ds_start_time=%s, @ds_end_time=%s, parameters: ('20260611T083031', 'DATASTAGE_MALHA_VIDA', 'SeqExecCargaVida', 'BI_VIDA', 237, '2324959', 'RUNNING', 0, '', '', '{"ts": "2026-06-11T10:04:44Z", "status_code": 0, "status_text": "RUNNING (0)"}', '', None)
[2026-06-11T07:05:44.766-0300] {base.py:84} INFO - Retrieving connection 'ssh_lnxprd021'
[2026-06-11T07:05:44.767-0300] {ssh.py:298} WARNING - No Host Key Verification. This won't protect against Man-In-The-Middle attacks
[2026-06-11T07:05:44.784-0300] {transport.py:1944} INFO - Connected (version 2.0, client OpenSSH_8.0)
[2026-06-11T07:05:44.907-0300] {transport.py:1944} INFO - Authentication (password) successful!
[2026-06-11T07:05:46.027-0300] {datastage_operator.py:127} INFO - [DS] wave=237  status=0(RUNNING (0))  controller=not available
[2026-06-11T07:05:46.034-0300] {base.py:84} INFO - Retrieving connection 'SQL14_DMDB41'
[2026-06-11T07:05:46.296-0300] {sql.py:861} INFO - Running statement: EXEC dbo.sp_etl_ds_job_log_upsert @execution_id=%s, @pipeline_name=%s, @job_name=%s, @project=%s, @wave_number=%s, @pid=%s, @status=%s, @status_code=%s, @child_jobs=%s, @log_summary=%s, @poll_snapshot=%s, @ds_start_time=%s, @ds_end_time=%s, parameters: ('20260611T083031', 'DATASTAGE_MALHA_VIDA', 'SeqExecCargaVida', 'BI_VIDA', 237, '2324959', 'RUNNING', 0, '', '', '{"ts": "2026-06-11T10:05:46Z", "status_code": 0, "status_text": "RUNNING (0)"}', '', None)
[2026-06-11T07:06:46.374-0300] {base.py:84} INFO - Retrieving connection 'ssh_lnxprd021'
[2026-06-11T07:06:46.374-0300] {ssh.py:298} WARNING - No Host Key Verification. This won't protect against Man-In-The-Middle attacks
[2026-06-11T07:06:46.424-0300] {transport.py:1944} INFO - Connected (version 2.0, client OpenSSH_8.0)
[2026-06-11T07:06:46.564-0300] {transport.py:1944} INFO - Authentication (password) successful!
[2026-06-11T07:06:47.479-0300] {datastage_operator.py:127} INFO - [DS] wave=237  status=0(RUNNING (0))  controller=not available
[2026-06-11T07:06:47.490-0300] {base.py:84} INFO - Retrieving connection 'SQL14_DMDB41'
[2026-06-11T07:06:47.516-0300] {sql.py:861} INFO - Running statement: EXEC dbo.sp_etl_ds_job_log_upsert @execution_id=%s, @pipeline_name=%s, @job_name=%s, @project=%s, @wave_number=%s, @pid=%s, @status=%s, @status_code=%s, @child_jobs=%s, @log_summary=%s, @poll_snapshot=%s, @ds_start_time=%s, @ds_end_time=%s, parameters: ('20260611T083031', 'DATASTAGE_MALHA_VIDA', 'SeqExecCargaVida', 'BI_VIDA', 237, '2324959', 'RUNNING', 0, '', '', '{"ts": "2026-06-11T10:06:47Z", "status_code": 0, "status_text": "RUNNING (0)"}', '', None)
[2026-06-11T07:07:47.526-0300] {base.py:84} INFO - Retrieving connection 'ssh_lnxprd021'
[2026-06-11T07:07:47.527-0300] {ssh.py:298} WARNING - No Host Key Verification. This won't protect against Man-In-The-Middle attacks
[2026-06-11T07:07:47.678-0300] {transport.py:1944} INFO - Connected (version 2.0, client OpenSSH_8.0)
[2026-06-11T07:07:48.032-0300] {transport.py:1944} INFO - Authentication (password) successful!
[2026-06-11T07:07:49.551-0300] {datastage_operator.py:127} INFO - [DS] wave=237  status=0(RUNNING (0))  controller=not available
[2026-06-11T07:07:49.557-0300] {base.py:84} INFO - Retrieving connection 'SQL14_DMDB41'
[2026-06-11T07:07:49.584-0300] {sql.py:861} INFO - Running statement: EXEC dbo.sp_etl_ds_job_log_upsert @execution_id=%s, @pipeline_name=%s, @job_name=%s, @project=%s, @wave_number=%s, @pid=%s, @status=%s, @status_code=%s, @child_jobs=%s, @log_summary=%s, @poll_snapshot=%s, @ds_start_time=%s, @ds_end_time=%s, parameters: ('20260611T083031', 'DATASTAGE_MALHA_VIDA', 'SeqExecCargaVida', 'BI_VIDA', 237, '2324959', 'RUNNING', 0, '', '', '{"ts": "2026-06-11T10:07:49Z", "status_code": 0, "status_text": "RUNNING (0)"}', '', None)
[2026-06-11T07:08:49.605-0300] {base.py:84} INFO - Retrieving connection 'ssh_lnxprd021'
[2026-06-11T07:08:49.605-0300] {ssh.py:298} WARNING - No Host Key Verification. This won't protect against Man-In-The-Middle attacks
[2026-06-11T07:08:49.646-0300] {transport.py:1944} INFO - Connected (version 2.0, client OpenSSH_8.0)
[2026-06-11T07:08:49.855-0300] {transport.py:1944} INFO - Authentication (password) successful!
[2026-06-11T07:08:50.935-0300] {datastage_operator.py:127} INFO - [DS] wave=237  status=0(RUNNING (0))  controller=not available
[2026-06-11T07:08:50.941-0300] {base.py:84} INFO - Retrieving connection 'SQL14_DMDB41'
[2026-06-11T07:08:51.014-0300] {sql.py:861} INFO - Running statement: EXEC dbo.sp_etl_ds_job_log_upsert @execution_id=%s, @pipeline_name=%s, @job_name=%s, @project=%s, @wave_number=%s, @pid=%s, @status=%s, @status_code=%s, @child_jobs=%s, @log_summary=%s, @poll_snapshot=%s, @ds_start_time=%s, @ds_end_time=%s, parameters: ('20260611T083031', 'DATASTAGE_MALHA_VIDA', 'SeqExecCargaVida', 'BI_VIDA', 237, '2324959', 'RUNNING', 0, '', '', '{"ts": "2026-06-11T10:08:50Z", "status_code": 0, "status_text": "RUNNING (0)"}', '', None)
[2026-06-11T07:09:51.032-0300] {base.py:84} INFO - Retrieving connection 'ssh_lnxprd021'
[2026-06-11T07:09:51.033-0300] {ssh.py:298} WARNING - No Host Key Verification. This won't protect against Man-In-The-Middle attacks
[2026-06-11T07:09:51.051-0300] {transport.py:1944} INFO - Connected (version 2.0, client OpenSSH_8.0)
[2026-06-11T07:09:51.147-0300] {transport.py:1944} INFO - Authentication (password) successful!
[2026-06-11T07:09:52.749-0300] {datastage_operator.py:127} INFO - [DS] wave=237  status=0(RUNNING (0))  controller=not available
[2026-06-11T07:09:52.755-0300] {base.py:84} INFO - Retrieving connection 'SQL14_DMDB41'
[2026-06-11T07:09:52.772-0300] {sql.py:861} INFO - Running statement: EXEC dbo.sp_etl_ds_job_log_upsert @execution_id=%s, @pipeline_name=%s, @job_name=%s, @project=%s, @wave_number=%s, @pid=%s, @status=%s, @status_code=%s, @child_jobs=%s, @log_summary=%s, @poll_snapshot=%s, @ds_start_time=%s, @ds_end_time=%s, parameters: ('20260611T083031', 'DATASTAGE_MALHA_VIDA', 'SeqExecCargaVida', 'BI_VIDA', 237, '2324959', 'RUNNING', 0, '', '', '{"ts": "2026-06-11T10:09:52Z", "status_code": 0, "status_text": "RUNNING (0)"}', '', None)
[2026-06-11T07:10:52.782-0300] {base.py:84} INFO - Retrieving connection 'ssh_lnxprd021'
[2026-06-11T07:10:52.782-0300] {ssh.py:298} WARNING - No Host Key Verification. This won't protect against Man-In-The-Middle attacks
[2026-06-11T07:10:52.795-0300] {transport.py:1944} INFO - Connected (version 2.0, client OpenSSH_8.0)
[2026-06-11T07:10:52.959-0300] {transport.py:1944} INFO - Authentication (password) successful!
[2026-06-11T07:10:53.730-0300] {datastage_operator.py:127} INFO - [DS] wave=237  status=0(RUNNING (0))  controller=not available
[2026-06-11T07:10:53.736-0300] {base.py:84} INFO - Retrieving connection 'SQL14_DMDB41'
[2026-06-11T07:10:53.756-0300] {sql.py:861} INFO - Running statement: EXEC dbo.sp_etl_ds_job_log_upsert @execution_id=%s, @pipeline_name=%s, @job_name=%s, @project=%s, @wave_number=%s, @pid=%s, @status=%s, @status_code=%s, @child_jobs=%s, @log_summary=%s, @poll_snapshot=%s, @ds_start_time=%s, @ds_end_time=%s, parameters: ('20260611T083031', 'DATASTAGE_MALHA_VIDA', 'SeqExecCargaVida', 'BI_VIDA', 237, '2324959', 'RUNNING', 0, '', '', '{"ts": "2026-06-11T10:10:53Z", "status_code": 0, "status_text": "RUNNING (0)"}', '', None)
[2026-06-11T07:11:53.769-0300] {base.py:84} INFO - Retrieving connection 'ssh_lnxprd021'
[2026-06-11T07:11:53.769-0300] {ssh.py:298} WARNING - No Host Key Verification. This won't protect against Man-In-The-Middle attacks
[2026-06-11T07:11:53.800-0300] {transport.py:1944} INFO - Connected (version 2.0, client OpenSSH_8.0)
[2026-06-11T07:11:53.944-0300] {transport.py:1944} INFO - Authentication (password) successful!
[2026-06-11T07:11:55.131-0300] {datastage_operator.py:127} INFO - [DS] wave=237  status=0(RUNNING (0))  controller=not available
[2026-06-11T07:11:55.138-0300] {base.py:84} INFO - Retrieving connection 'SQL14_DMDB41'
[2026-06-11T07:11:55.160-0300] {sql.py:861} INFO - Running statement: EXEC dbo.sp_etl_ds_job_log_upsert @execution_id=%s, @pipeline_name=%s, @job_name=%s, @project=%s, @wave_number=%s, @pid=%s, @status=%s, @status_code=%s, @child_jobs=%s, @log_summary=%s, @poll_snapshot=%s, @ds_start_time=%s, @ds_end_time=%s, parameters: ('20260611T083031', 'DATASTAGE_MALHA_VIDA', 'SeqExecCargaVida', 'BI_VIDA', 237, '2324959', 'RUNNING', 0, '', '', '{"ts": "2026-06-11T10:11:55Z", "status_code": 0, "status_text": "RUNNING (0)"}', '', None)
[2026-06-11T07:12:55.171-0300] {base.py:84} INFO - Retrieving connection 'ssh_lnxprd021'
[2026-06-11T07:12:55.171-0300] {ssh.py:298} WARNING - No Host Key Verification. This won't protect against Man-In-The-Middle attacks
[2026-06-11T07:12:55.196-0300] {transport.py:1944} INFO - Connected (version 2.0, client OpenSSH_8.0)
[2026-06-11T07:12:55.315-0300] {transport.py:1944} INFO - Authentication (password) successful!
[2026-06-11T07:12:56.482-0300] {datastage_operator.py:127} INFO - [DS] wave=237  status=0(RUNNING (0))  controller=not available
[2026-06-11T07:12:56.488-0300] {base.py:84} INFO - Retrieving connection 'SQL14_DMDB41'
[2026-06-11T07:12:56.510-0300] {sql.py:861} INFO - Running statement: EXEC dbo.sp_etl_ds_job_log_upsert @execution_id=%s, @pipeline_name=%s, @job_name=%s, @project=%s, @wave_number=%s, @pid=%s, @status=%s, @status_code=%s, @child_jobs=%s, @log_summary=%s, @poll_snapshot=%s, @ds_start_time=%s, @ds_end_time=%s, parameters: ('20260611T083031', 'DATASTAGE_MALHA_VIDA', 'SeqExecCargaVida', 'BI_VIDA', 237, '2324959', 'RUNNING', 0, '', '', '{"ts": "2026-06-11T10:12:56Z", "status_code": 0, "status_text": "RUNNING (0)"}', '', None)
[2026-06-11T07:13:56.523-0300] {base.py:84} INFO - Retrieving connection 'ssh_lnxprd021'
[2026-06-11T07:13:56.526-0300] {ssh.py:298} WARNING - No Host Key Verification. This won't protect against Man-In-The-Middle attacks
[2026-06-11T07:13:56.553-0300] {transport.py:1944} INFO - Connected (version 2.0, client OpenSSH_8.0)
[2026-06-11T07:13:56.722-0300] {transport.py:1944} INFO - Authentication (password) successful!
[2026-06-11T07:13:57.404-0300] {datastage_operator.py:127} INFO - [DS] wave=237  status=0(RUNNING (0))  controller=not available
[2026-06-11T07:13:57.410-0300] {base.py:84} INFO - Retrieving connection 'SQL14_DMDB41'
[2026-06-11T07:13:57.467-0300] {sql.py:861} INFO - Running statement: EXEC dbo.sp_etl_ds_job_log_upsert @execution_id=%s, @pipeline_name=%s, @job_name=%s, @project=%s, @wave_number=%s, @pid=%s, @status=%s, @status_code=%s, @child_jobs=%s, @log_summary=%s, @poll_snapshot=%s, @ds_start_time=%s, @ds_end_time=%s, parameters: ('20260611T083031', 'DATASTAGE_MALHA_VIDA', 'SeqExecCargaVida', 'BI_VIDA', 237, '2324959', 'RUNNING', 0, '', '', '{"ts": "2026-06-11T10:13:57Z", "status_code": 0, "status_text": "RUNNING (0)"}', '', None)
[2026-06-11T07:14:57.487-0300] {base.py:84} INFO - Retrieving connection 'ssh_lnxprd021'
[2026-06-11T07:14:57.488-0300] {ssh.py:298} WARNING - No Host Key Verification. This won't protect against Man-In-The-Middle attacks
[2026-06-11T07:14:57.504-0300] {transport.py:1944} INFO - Connected (version 2.0, client OpenSSH_8.0)
[2026-06-11T07:14:57.603-0300] {transport.py:1944} INFO - Authentication (password) successful!
[2026-06-11T07:14:58.860-0300] {datastage_operator.py:127} INFO - [DS] wave=237  status=0(RUNNING (0))  controller=not available
[2026-06-11T07:14:58.867-0300] {base.py:84} INFO - Retrieving connection 'SQL14_DMDB41'
[2026-06-11T07:14:58.914-0300] {sql.py:861} INFO - Running statement: EXEC dbo.sp_etl_ds_job_log_upsert @execution_id=%s, @pipeline_name=%s, @job_name=%s, @project=%s, @wave_number=%s, @pid=%s, @status=%s, @status_code=%s, @child_jobs=%s, @log_summary=%s, @poll_snapshot=%s, @ds_start_time=%s, @ds_end_time=%s, parameters: ('20260611T083031', 'DATASTAGE_MALHA_VIDA', 'SeqExecCargaVida', 'BI_VIDA', 237, '2324959', 'RUNNING', 0, '', '', '{"ts": "2026-06-11T10:14:58Z", "status_code": 0, "status_text": "RUNNING (0)"}', '', None)
[2026-06-11T07:15:58.937-0300] {base.py:84} INFO - Retrieving connection 'ssh_lnxprd021'
[2026-06-11T07:15:58.937-0300] {ssh.py:298} WARNING - No Host Key Verification. This won't protect against Man-In-The-Middle attacks
[2026-06-11T07:15:58.971-0300] {transport.py:1944} INFO - Connected (version 2.0, client OpenSSH_8.0)
[2026-06-11T07:15:59.151-0300] {transport.py:1944} INFO - Authentication (password) successful!
[2026-06-11T07:16:00.199-0300] {datastage_operator.py:127} INFO - [DS] wave=237  status=0(RUNNING (0))  controller=not available
[2026-06-11T07:16:00.212-0300] {base.py:84} INFO - Retrieving connection 'SQL14_DMDB41'
[2026-06-11T07:16:00.230-0300] {sql.py:861} INFO - Running statement: EXEC dbo.sp_etl_ds_job_log_upsert @execution_id=%s, @pipeline_name=%s, @job_name=%s, @project=%s, @wave_number=%s, @pid=%s, @status=%s, @status_code=%s, @child_jobs=%s, @log_summary=%s, @poll_snapshot=%s, @ds_start_time=%s, @ds_end_time=%s, parameters: ('20260611T083031', 'DATASTAGE_MALHA_VIDA', 'SeqExecCargaVida', 'BI_VIDA', 237, '2324959', 'RUNNING', 0, '', '', '{"ts": "2026-06-11T10:16:00Z", "status_code": 0, "status_text": "RUNNING (0)"}', '', None)
[2026-06-11T07:17:00.239-0300] {base.py:84} INFO - Retrieving connection 'ssh_lnxprd021'
[2026-06-11T07:17:00.240-0300] {ssh.py:298} WARNING - No Host Key Verification. This won't protect against Man-In-The-Middle attacks
[2026-06-11T07:17:00.270-0300] {transport.py:1944} INFO - Connected (version 2.0, client OpenSSH_8.0)
[2026-06-11T07:17:00.408-0300] {transport.py:1944} INFO - Authentication (password) successful!
[2026-06-11T07:17:01.413-0300] {datastage_operator.py:127} INFO - [DS] wave=237  status=0(RUNNING (0))  controller=not available
[2026-06-11T07:17:01.419-0300] {base.py:84} INFO - Retrieving connection 'SQL14_DMDB41'
[2026-06-11T07:17:01.432-0300] {sql.py:861} INFO - Running statement: EXEC dbo.sp_etl_ds_job_log_upsert @execution_id=%s, @pipeline_name=%s, @job_name=%s, @project=%s, @wave_number=%s, @pid=%s, @status=%s, @status_code=%s, @child_jobs=%s, @log_summary=%s, @poll_snapshot=%s, @ds_start_time=%s, @ds_end_time=%s, parameters: ('20260611T083031', 'DATASTAGE_MALHA_VIDA', 'SeqExecCargaVida', 'BI_VIDA', 237, '2324959', 'RUNNING', 0, '', '', '{"ts": "2026-06-11T10:17:01Z", "status_code": 0, "status_text": "RUNNING (0)"}', '', None)
[2026-06-11T07:18:01.444-0300] {base.py:84} INFO - Retrieving connection 'ssh_lnxprd021'
[2026-06-11T07:18:01.444-0300] {ssh.py:298} WARNING - No Host Key Verification. This won't protect against Man-In-The-Middle attacks
[2026-06-11T07:18:01.468-0300] {transport.py:1944} INFO - Connected (version 2.0, client OpenSSH_8.0)
[2026-06-11T07:18:01.605-0300] {transport.py:1944} INFO - Authentication (password) successful!
[2026-06-11T07:18:02.792-0300] {datastage_operator.py:127} INFO - [DS] wave=237  status=0(RUNNING (0))  controller=not available
[2026-06-11T07:18:02.798-0300] {base.py:84} INFO - Retrieving connection 'SQL14_DMDB41'
[2026-06-11T07:18:02.819-0300] {sql.py:861} INFO - Running statement: EXEC dbo.sp_etl_ds_job_log_upsert @execution_id=%s, @pipeline_name=%s, @job_name=%s, @project=%s, @wave_number=%s, @pid=%s, @status=%s, @status_code=%s, @child_jobs=%s, @log_summary=%s, @poll_snapshot=%s, @ds_start_time=%s, @ds_end_time=%s, parameters: ('20260611T083031', 'DATASTAGE_MALHA_VIDA', 'SeqExecCargaVida', 'BI_VIDA', 237, '2324959', 'RUNNING', 0, '', '', '{"ts": "2026-06-11T10:18:02Z", "status_code": 0, "status_text": "RUNNING (0)"}', '', None)
[2026-06-11T07:19:02.829-0300] {base.py:84} INFO - Retrieving connection 'ssh_lnxprd021'
[2026-06-11T07:19:02.830-0300] {ssh.py:298} WARNING - No Host Key Verification. This won't protect against Man-In-The-Middle attacks
[2026-06-11T07:19:02.852-0300] {transport.py:1944} INFO - Connected (version 2.0, client OpenSSH_8.0)
[2026-06-11T07:19:03.029-0300] {transport.py:1944} INFO - Authentication (password) successful!
[2026-06-11T07:19:03.764-0300] {datastage_operator.py:127} INFO - [DS] wave=237  status=0(RUNNING (0))  controller=not available
[2026-06-11T07:19:03.772-0300] {base.py:84} INFO - Retrieving connection 'SQL14_DMDB41'
[2026-06-11T07:19:03.786-0300] {sql.py:861} INFO - Running statement: EXEC dbo.sp_etl_ds_job_log_upsert @execution_id=%s, @pipeline_name=%s, @job_name=%s, @project=%s, @wave_number=%s, @pid=%s, @status=%s, @status_code=%s, @child_jobs=%s, @log_summary=%s, @poll_snapshot=%s, @ds_start_time=%s, @ds_end_time=%s, parameters: ('20260611T083031', 'DATASTAGE_MALHA_VIDA', 'SeqExecCargaVida', 'BI_VIDA', 237, '2324959', 'RUNNING', 0, '', '', '{"ts": "2026-06-11T10:19:03Z", "status_code": 0, "status_text": "RUNNING (0)"}', '', None)
[2026-06-11T07:20:03.797-0300] {base.py:84} INFO - Retrieving connection 'ssh_lnxprd021'
[2026-06-11T07:20:03.797-0300] {ssh.py:298} WARNING - No Host Key Verification. This won't protect against Man-In-The-Middle attacks
[2026-06-11T07:20:07.816-0300] {transport.py:1944} INFO - Connected (version 2.0, client OpenSSH_8.0)
[2026-06-11T07:20:07.940-0300] {transport.py:1944} INFO - Authentication (password) successful!
[2026-06-11T07:20:09.388-0300] {datastage_operator.py:127} INFO - [DS] wave=237  status=0(RUNNING (0))  controller=not available
[2026-06-11T07:20:09.394-0300] {base.py:84} INFO - Retrieving connection 'SQL14_DMDB41'
[2026-06-11T07:20:09.466-0300] {sql.py:861} INFO - Running statement: EXEC dbo.sp_etl_ds_job_log_upsert @execution_id=%s, @pipeline_name=%s, @job_name=%s, @project=%s, @wave_number=%s, @pid=%s, @status=%s, @status_code=%s, @child_jobs=%s, @log_summary=%s, @poll_snapshot=%s, @ds_start_time=%s, @ds_end_time=%s, parameters: ('20260611T083031', 'DATASTAGE_MALHA_VIDA', 'SeqExecCargaVida', 'BI_VIDA', 237, '2324959', 'RUNNING', 0, '', '', '{"ts": "2026-06-11T10:20:09Z", "status_code": 0, "status_text": "RUNNING (0)"}', '', None)
[2026-06-11T07:21:09.490-0300] {base.py:84} INFO - Retrieving connection 'ssh_lnxprd021'
[2026-06-11T07:21:09.491-0300] {ssh.py:298} WARNING - No Host Key Verification. This won't protect against Man-In-The-Middle attacks
[2026-06-11T07:21:09.507-0300] {transport.py:1944} INFO - Connected (version 2.0, client OpenSSH_8.0)
[2026-06-11T07:21:09.666-0300] {transport.py:1944} INFO - Authentication (password) successful!
[2026-06-11T07:21:11.144-0300] {datastage_operator.py:127} INFO - [DS] wave=237  status=0(RUNNING (0))  controller=not available
[2026-06-11T07:21:11.150-0300] {base.py:84} INFO - Retrieving connection 'SQL14_DMDB41'
[2026-06-11T07:21:11.248-0300] {sql.py:861} INFO - Running statement: EXEC dbo.sp_etl_ds_job_log_upsert @execution_id=%s, @pipeline_name=%s, @job_name=%s, @project=%s, @wave_number=%s, @pid=%s, @status=%s, @status_code=%s, @child_jobs=%s, @log_summary=%s, @poll_snapshot=%s, @ds_start_time=%s, @ds_end_time=%s, parameters: ('20260611T083031', 'DATASTAGE_MALHA_VIDA', 'SeqExecCargaVida', 'BI_VIDA', 237, '2324959', 'RUNNING', 0, '', '', '{"ts": "2026-06-11T10:21:11Z", "status_code": 0, "status_text": "RUNNING (0)"}', '', None)
[2026-06-11T07:22:11.277-0300] {base.py:84} INFO - Retrieving connection 'ssh_lnxprd021'
[2026-06-11T07:22:11.277-0300] {ssh.py:298} WARNING - No Host Key Verification. This won't protect against Man-In-The-Middle attacks
[2026-06-11T07:22:11.297-0300] {transport.py:1944} INFO - Connected (version 2.0, client OpenSSH_8.0)
[2026-06-11T07:22:11.385-0300] {transport.py:1944} INFO - Authentication (password) successful!
[2026-06-11T07:22:11.966-0300] {datastage_operator.py:127} INFO - [DS] wave=237  status=0(RUNNING (0))  controller=not available
[2026-06-11T07:22:11.972-0300] {base.py:84} INFO - Retrieving connection 'SQL14_DMDB41'
[2026-06-11T07:22:11.986-0300] {sql.py:861} INFO - Running statement: EXEC dbo.sp_etl_ds_job_log_upsert @execution_id=%s, @pipeline_name=%s, @job_name=%s, @project=%s, @wave_number=%s, @pid=%s, @status=%s, @status_code=%s, @child_jobs=%s, @log_summary=%s, @poll_snapshot=%s, @ds_start_time=%s, @ds_end_time=%s, parameters: ('20260611T083031', 'DATASTAGE_MALHA_VIDA', 'SeqExecCargaVida', 'BI_VIDA', 237, '2324959', 'RUNNING', 0, '', '', '{"ts": "2026-06-11T10:22:11Z", "status_code": 0, "status_text": "RUNNING (0)"}', '', None)
[2026-06-11T07:23:11.999-0300] {base.py:84} INFO - Retrieving connection 'ssh_lnxprd021'
[2026-06-11T07:23:12.000-0300] {ssh.py:298} WARNING - No Host Key Verification. This won't protect against Man-In-The-Middle attacks
[2026-06-11T07:23:12.014-0300] {transport.py:1944} INFO - Connected (version 2.0, client OpenSSH_8.0)
[2026-06-11T07:23:12.143-0300] {transport.py:1944} INFO - Authentication (password) successful!
[2026-06-11T07:23:12.659-0300] {datastage_operator.py:127} INFO - [DS] wave=237  status=0(RUNNING (0))  controller=not available
[2026-06-11T07:23:12.670-0300] {base.py:84} INFO - Retrieving connection 'SQL14_DMDB41'
[2026-06-11T07:23:12.692-0300] {sql.py:861} INFO - Running statement: EXEC dbo.sp_etl_ds_job_log_upsert @execution_id=%s, @pipeline_name=%s, @job_name=%s, @project=%s, @wave_number=%s, @pid=%s, @status=%s, @status_code=%s, @child_jobs=%s, @log_summary=%s, @poll_snapshot=%s, @ds_start_time=%s, @ds_end_time=%s, parameters: ('20260611T083031', 'DATASTAGE_MALHA_VIDA', 'SeqExecCargaVida', 'BI_VIDA', 237, '2324959', 'RUNNING', 0, '', '', '{"ts": "2026-06-11T10:23:12Z", "status_code": 0, "status_text": "RUNNING (0)"}', '', None)
[2026-06-11T07:24:12.701-0300] {base.py:84} INFO - Retrieving connection 'ssh_lnxprd021'
[2026-06-11T07:24:12.701-0300] {ssh.py:298} WARNING - No Host Key Verification. This won't protect against Man-In-The-Middle attacks
[2026-06-11T07:24:12.725-0300] {transport.py:1944} INFO - Connected (version 2.0, client OpenSSH_8.0)
[2026-06-11T07:24:12.854-0300] {transport.py:1944} INFO - Authentication (password) successful!
[2026-06-11T07:24:13.722-0300] {datastage_operator.py:127} INFO - [DS] wave=237  status=0(RUNNING (0))  controller=not available
[2026-06-11T07:24:13.727-0300] {base.py:84} INFO - Retrieving connection 'SQL14_DMDB41'
[2026-06-11T07:24:13.744-0300] {sql.py:861} INFO - Running statement: EXEC dbo.sp_etl_ds_job_log_upsert @execution_id=%s, @pipeline_name=%s, @job_name=%s, @project=%s, @wave_number=%s, @pid=%s, @status=%s, @status_code=%s, @child_jobs=%s, @log_summary=%s, @poll_snapshot=%s, @ds_start_time=%s, @ds_end_time=%s, parameters: ('20260611T083031', 'DATASTAGE_MALHA_VIDA', 'SeqExecCargaVida', 'BI_VIDA', 237, '2324959', 'RUNNING', 0, '', '', '{"ts": "2026-06-11T10:24:13Z", "status_code": 0, "status_text": "RUNNING (0)"}', '', None)
[2026-06-11T07:25:13.753-0300] {base.py:84} INFO - Retrieving connection 'ssh_lnxprd021'
[2026-06-11T07:25:13.754-0300] {ssh.py:298} WARNING - No Host Key Verification. This won't protect against Man-In-The-Middle attacks
[2026-06-11T07:25:13.766-0300] {transport.py:1944} INFO - Connected (version 2.0, client OpenSSH_8.0)
[2026-06-11T07:25:13.831-0300] {transport.py:1944} INFO - Authentication (password) successful!
[2026-06-11T07:25:14.613-0300] {datastage_operator.py:127} INFO - [DS] wave=237  status=0(RUNNING (0))  controller=not available
[2026-06-11T07:25:14.619-0300] {base.py:84} INFO - Retrieving connection 'SQL14_DMDB41'
[2026-06-11T07:25:14.708-0300] {sql.py:861} INFO - Running statement: EXEC dbo.sp_etl_ds_job_log_upsert @execution_id=%s, @pipeline_name=%s, @job_name=%s, @project=%s, @wave_number=%s, @pid=%s, @status=%s, @status_code=%s, @child_jobs=%s, @log_summary=%s, @poll_snapshot=%s, @ds_start_time=%s, @ds_end_time=%s, parameters: ('20260611T083031', 'DATASTAGE_MALHA_VIDA', 'SeqExecCargaVida', 'BI_VIDA', 237, '2324959', 'RUNNING', 0, '', '', '{"ts": "2026-06-11T10:25:14Z", "status_code": 0, "status_text": "RUNNING (0)"}', '', None)
[2026-06-11T07:26:14.733-0300] {base.py:84} INFO - Retrieving connection 'ssh_lnxprd021'
[2026-06-11T07:26:14.733-0300] {ssh.py:298} WARNING - No Host Key Verification. This won't protect against Man-In-The-Middle attacks
[2026-06-11T07:26:14.755-0300] {transport.py:1944} INFO - Connected (version 2.0, client OpenSSH_8.0)
[2026-06-11T07:26:14.903-0300] {transport.py:1944} INFO - Authentication (password) successful!
[2026-06-11T07:26:16.124-0300] {datastage_operator.py:127} INFO - [DS] wave=237  status=0(RUNNING (0))  controller=not available
[2026-06-11T07:26:16.130-0300] {base.py:84} INFO - Retrieving connection 'SQL14_DMDB41'
[2026-06-11T07:26:16.157-0300] {sql.py:861} INFO - Running statement: EXEC dbo.sp_etl_ds_job_log_upsert @execution_id=%s, @pipeline_name=%s, @job_name=%s, @project=%s, @wave_number=%s, @pid=%s, @status=%s, @status_code=%s, @child_jobs=%s, @log_summary=%s, @poll_snapshot=%s, @ds_start_time=%s, @ds_end_time=%s, parameters: ('20260611T083031', 'DATASTAGE_MALHA_VIDA', 'SeqExecCargaVida', 'BI_VIDA', 237, '2324959', 'RUNNING', 0, '', '', '{"ts": "2026-06-11T10:26:16Z", "status_code": 0, "status_text": "RUNNING (0)"}', '', None)
[2026-06-11T07:27:16.191-0300] {base.py:84} INFO - Retrieving connection 'ssh_lnxprd021'
[2026-06-11T07:27:16.192-0300] {ssh.py:298} WARNING - No Host Key Verification. This won't protect against Man-In-The-Middle attacks
[2026-06-11T07:27:16.214-0300] {transport.py:1944} INFO - Connected (version 2.0, client OpenSSH_8.0)
[2026-06-11T07:27:16.326-0300] {transport.py:1944} INFO - Authentication (password) successful!
[2026-06-11T07:27:17.136-0300] {datastage_operator.py:127} INFO - [DS] wave=237  status=0(RUNNING (0))  controller=not available
[2026-06-11T07:27:17.141-0300] {base.py:84} INFO - Retrieving connection 'SQL14_DMDB41'
[2026-06-11T07:27:17.482-0300] {sql.py:861} INFO - Running statement: EXEC dbo.sp_etl_ds_job_log_upsert @execution_id=%s, @pipeline_name=%s, @job_name=%s, @project=%s, @wave_number=%s, @pid=%s, @status=%s, @status_code=%s, @child_jobs=%s, @log_summary=%s, @poll_snapshot=%s, @ds_start_time=%s, @ds_end_time=%s, parameters: ('20260611T083031', 'DATASTAGE_MALHA_VIDA', 'SeqExecCargaVida', 'BI_VIDA', 237, '2324959', 'RUNNING', 0, '', '', '{"ts": "2026-06-11T10:27:17Z", "status_code": 0, "status_text": "RUNNING (0)"}', '', None)
[2026-06-11T07:28:17.784-0300] {base.py:84} INFO - Retrieving connection 'ssh_lnxprd021'
[2026-06-11T07:28:17.784-0300] {ssh.py:298} WARNING - No Host Key Verification. This won't protect against Man-In-The-Middle attacks
[2026-06-11T07:28:17.809-0300] {transport.py:1944} INFO - Connected (version 2.0, client OpenSSH_8.0)
[2026-06-11T07:28:17.937-0300] {transport.py:1944} INFO - Authentication (password) successful!
[2026-06-11T07:28:19.307-0300] {datastage_operator.py:127} INFO - [DS] wave=237  status=0(RUNNING (0))  controller=not available
[2026-06-11T07:28:19.313-0300] {base.py:84} INFO - Retrieving connection 'SQL14_DMDB41'
[2026-06-11T07:28:19.695-0300] {sql.py:861} INFO - Running statement: EXEC dbo.sp_etl_ds_job_log_upsert @execution_id=%s, @pipeline_name=%s, @job_name=%s, @project=%s, @wave_number=%s, @pid=%s, @status=%s, @status_code=%s, @child_jobs=%s, @log_summary=%s, @poll_snapshot=%s, @ds_start_time=%s, @ds_end_time=%s, parameters: ('20260611T083031', 'DATASTAGE_MALHA_VIDA', 'SeqExecCargaVida', 'BI_VIDA', 237, '2324959', 'RUNNING', 0, '', '', '{"ts": "2026-06-11T10:28:19Z", "status_code": 0, "status_text": "RUNNING (0)"}', '', None)
[2026-06-11T07:29:19.808-0300] {base.py:84} INFO - Retrieving connection 'ssh_lnxprd021'
[2026-06-11T07:29:19.809-0300] {ssh.py:298} WARNING - No Host Key Verification. This won't protect against Man-In-The-Middle attacks
[2026-06-11T07:29:19.843-0300] {transport.py:1944} INFO - Connected (version 2.0, client OpenSSH_8.0)
[2026-06-11T07:29:20.016-0300] {transport.py:1944} INFO - Authentication (password) successful!
[2026-06-11T07:29:21.549-0300] {datastage_operator.py:127} INFO - [DS] wave=237  status=0(RUNNING (0))  controller=not available
[2026-06-11T07:29:21.555-0300] {base.py:84} INFO - Retrieving connection 'SQL14_DMDB41'
[2026-06-11T07:29:21.582-0300] {sql.py:861} INFO - Running statement: EXEC dbo.sp_etl_ds_job_log_upsert @execution_id=%s, @pipeline_name=%s, @job_name=%s, @project=%s, @wave_number=%s, @pid=%s, @status=%s, @status_code=%s, @child_jobs=%s, @log_summary=%s, @poll_snapshot=%s, @ds_start_time=%s, @ds_end_time=%s, parameters: ('20260611T083031', 'DATASTAGE_MALHA_VIDA', 'SeqExecCargaVida', 'BI_VIDA', 237, '2324959', 'RUNNING', 0, '', '', '{"ts": "2026-06-11T10:29:21Z", "status_code": 0, "status_text": "RUNNING (0)"}', '', None)
[2026-06-11T07:30:21.633-0300] {base.py:84} INFO - Retrieving connection 'ssh_lnxprd021'
[2026-06-11T07:30:21.634-0300] {ssh.py:298} WARNING - No Host Key Verification. This won't protect against Man-In-The-Middle attacks
[2026-06-11T07:30:21.657-0300] {transport.py:1944} INFO - Connected (version 2.0, client OpenSSH_8.0)
[2026-06-11T07:30:21.739-0300] {transport.py:1944} INFO - Authentication (password) successful!
[2026-06-11T07:30:22.284-0300] {datastage_operator.py:127} INFO - [DS] wave=237  status=0(RUNNING (0))  controller=not available
[2026-06-11T07:30:22.290-0300] {base.py:84} INFO - Retrieving connection 'SQL14_DMDB41'
[2026-06-11T07:30:22.734-0300] {sql.py:861} INFO - Running statement: EXEC dbo.sp_etl_ds_job_log_upsert @execution_id=%s, @pipeline_name=%s, @job_name=%s, @project=%s, @wave_number=%s, @pid=%s, @status=%s, @status_code=%s, @child_jobs=%s, @log_summary=%s, @poll_snapshot=%s, @ds_start_time=%s, @ds_end_time=%s, parameters: ('20260611T083031', 'DATASTAGE_MALHA_VIDA', 'SeqExecCargaVida', 'BI_VIDA', 237, '2324959', 'RUNNING', 0, '', '', '{"ts": "2026-06-11T10:30:22Z", "status_code": 0, "status_text": "RUNNING (0)"}', '', None)
[2026-06-11T07:31:23.191-0300] {base.py:84} INFO - Retrieving connection 'ssh_lnxprd021'
[2026-06-11T07:31:23.192-0300] {ssh.py:298} WARNING - No Host Key Verification. This won't protect against Man-In-The-Middle attacks
[2026-06-11T07:31:23.219-0300] {transport.py:1944} INFO - Connected (version 2.0, client OpenSSH_8.0)
[2026-06-11T07:31:23.350-0300] {transport.py:1944} INFO - Authentication (password) successful!
[2026-06-11T07:31:24.171-0300] {datastage_operator.py:127} INFO - [DS] wave=237  status=0(RUNNING (0))  controller=not available
[2026-06-11T07:31:24.177-0300] {base.py:84} INFO - Retrieving connection 'SQL14_DMDB41'
[2026-06-11T07:31:24.311-0300] {sql.py:861} INFO - Running statement: EXEC dbo.sp_etl_ds_job_log_upsert @execution_id=%s, @pipeline_name=%s, @job_name=%s, @project=%s, @wave_number=%s, @pid=%s, @status=%s, @status_code=%s, @child_jobs=%s, @log_summary=%s, @poll_snapshot=%s, @ds_start_time=%s, @ds_end_time=%s, parameters: ('20260611T083031', 'DATASTAGE_MALHA_VIDA', 'SeqExecCargaVida', 'BI_VIDA', 237, '2324959', 'RUNNING', 0, '', '', '{"ts": "2026-06-11T10:31:24Z", "status_code": 0, "status_text": "RUNNING (0)"}', '', None)
[2026-06-11T07:32:24.366-0300] {base.py:84} INFO - Retrieving connection 'ssh_lnxprd021'
[2026-06-11T07:32:24.367-0300] {ssh.py:298} WARNING - No Host Key Verification. This won't protect against Man-In-The-Middle attacks
[2026-06-11T07:32:24.386-0300] {transport.py:1944} INFO - Connected (version 2.0, client OpenSSH_8.0)
[2026-06-11T07:32:24.510-0300] {transport.py:1944} INFO - Authentication (password) successful!
[2026-06-11T07:32:25.556-0300] {datastage_operator.py:127} INFO - [DS] wave=237  status=0(RUNNING (0))  controller=not available
[2026-06-11T07:32:25.562-0300] {base.py:84} INFO - Retrieving connection 'SQL14_DMDB41'
[2026-06-11T07:32:25.604-0300] {sql.py:861} INFO - Running statement: EXEC dbo.sp_etl_ds_job_log_upsert @execution_id=%s, @pipeline_name=%s, @job_name=%s, @project=%s, @wave_number=%s, @pid=%s, @status=%s, @status_code=%s, @child_jobs=%s, @log_summary=%s, @poll_snapshot=%s, @ds_start_time=%s, @ds_end_time=%s, parameters: ('20260611T083031', 'DATASTAGE_MALHA_VIDA', 'SeqExecCargaVida', 'BI_VIDA', 237, '2324959', 'RUNNING', 0, '', '', '{"ts": "2026-06-11T10:32:25Z", "status_code": 0, "status_text": "RUNNING (0)"}', '', None)
[2026-06-11T07:33:25.614-0300] {base.py:84} INFO - Retrieving connection 'ssh_lnxprd021'
[2026-06-11T07:33:25.615-0300] {ssh.py:298} WARNING - No Host Key Verification. This won't protect against Man-In-The-Middle attacks
[2026-06-11T07:33:25.628-0300] {transport.py:1944} INFO - Connected (version 2.0, client OpenSSH_8.0)
[2026-06-11T07:33:25.745-0300] {transport.py:1944} INFO - Authentication (password) successful!
[2026-06-11T07:33:26.764-0300] {datastage_operator.py:127} INFO - [DS] wave=237  status=0(RUNNING (0))  controller=not available
[2026-06-11T07:33:26.770-0300] {base.py:84} INFO - Retrieving connection 'SQL14_DMDB41'
[2026-06-11T07:33:26.869-0300] {sql.py:861} INFO - Running statement: EXEC dbo.sp_etl_ds_job_log_upsert @execution_id=%s, @pipeline_name=%s, @job_name=%s, @project=%s, @wave_number=%s, @pid=%s, @status=%s, @status_code=%s, @child_jobs=%s, @log_summary=%s, @poll_snapshot=%s, @ds_start_time=%s, @ds_end_time=%s, parameters: ('20260611T083031', 'DATASTAGE_MALHA_VIDA', 'SeqExecCargaVida', 'BI_VIDA', 237, '2324959', 'RUNNING', 0, '', '', '{"ts": "2026-06-11T10:33:26Z", "status_code": 0, "status_text": "RUNNING (0)"}', '', None)
[2026-06-11T07:34:26.898-0300] {base.py:84} INFO - Retrieving connection 'ssh_lnxprd021'
[2026-06-11T07:34:26.899-0300] {ssh.py:298} WARNING - No Host Key Verification. This won't protect against Man-In-The-Middle attacks
[2026-06-11T07:34:26.913-0300] {transport.py:1944} INFO - Connected (version 2.0, client OpenSSH_8.0)
[2026-06-11T07:34:27.040-0300] {transport.py:1944} INFO - Authentication (password) successful!
[2026-06-11T07:34:27.619-0300] {datastage_operator.py:127} INFO - [DS] wave=237  status=0(RUNNING (0))  controller=not available
[2026-06-11T07:34:27.625-0300] {base.py:84} INFO - Retrieving connection 'SQL14_DMDB41'
[2026-06-11T07:34:27.645-0300] {sql.py:861} INFO - Running statement: EXEC dbo.sp_etl_ds_job_log_upsert @execution_id=%s, @pipeline_name=%s, @job_name=%s, @project=%s, @wave_number=%s, @pid=%s, @status=%s, @status_code=%s, @child_jobs=%s, @log_summary=%s, @poll_snapshot=%s, @ds_start_time=%s, @ds_end_time=%s, parameters: ('20260611T083031', 'DATASTAGE_MALHA_VIDA', 'SeqExecCargaVida', 'BI_VIDA', 237, '2324959', 'RUNNING', 0, '', '', '{"ts": "2026-06-11T10:34:27Z", "status_code": 0, "status_text": "RUNNING (0)"}', '', None)
[2026-06-11T07:35:27.660-0300] {base.py:84} INFO - Retrieving connection 'ssh_lnxprd021'
[2026-06-11T07:35:27.661-0300] {ssh.py:298} WARNING - No Host Key Verification. This won't protect against Man-In-The-Middle attacks
[2026-06-11T07:35:27.682-0300] {transport.py:1944} INFO - Connected (version 2.0, client OpenSSH_8.0)
[2026-06-11T07:35:27.805-0300] {transport.py:1944} INFO - Authentication (password) successful!
[2026-06-11T07:35:28.663-0300] {datastage_operator.py:127} INFO - [DS] wave=237  status=0(RUNNING (0))  controller=not available
[2026-06-11T07:35:28.669-0300] {base.py:84} INFO - Retrieving connection 'SQL14_DMDB41'
[2026-06-11T07:35:28.690-0300] {sql.py:861} INFO - Running statement: EXEC dbo.sp_etl_ds_job_log_upsert @execution_id=%s, @pipeline_name=%s, @job_name=%s, @project=%s, @wave_number=%s, @pid=%s, @status=%s, @status_code=%s, @child_jobs=%s, @log_summary=%s, @poll_snapshot=%s, @ds_start_time=%s, @ds_end_time=%s, parameters: ('20260611T083031', 'DATASTAGE_MALHA_VIDA', 'SeqExecCargaVida', 'BI_VIDA', 237, '2324959', 'RUNNING', 0, '', '', '{"ts": "2026-06-11T10:35:28Z", "status_code": 0, "status_text": "RUNNING (0)"}', '', None)
[2026-06-11T07:36:28.700-0300] {base.py:84} INFO - Retrieving connection 'ssh_lnxprd021'
[2026-06-11T07:36:28.701-0300] {ssh.py:298} WARNING - No Host Key Verification. This won't protect against Man-In-The-Middle attacks
[2026-06-11T07:36:28.714-0300] {transport.py:1944} INFO - Connected (version 2.0, client OpenSSH_8.0)
[2026-06-11T07:36:28.859-0300] {transport.py:1944} INFO - Authentication (password) successful!
[2026-06-11T07:36:29.823-0300] {datastage_operator.py:127} INFO - [DS] wave=237  status=0(RUNNING (0))  controller=not available
[2026-06-11T07:36:29.829-0300] {base.py:84} INFO - Retrieving connection 'SQL14_DMDB41'
[2026-06-11T07:36:30.181-0300] {sql.py:861} INFO - Running statement: EXEC dbo.sp_etl_ds_job_log_upsert @execution_id=%s, @pipeline_name=%s, @job_name=%s, @project=%s, @wave_number=%s, @pid=%s, @status=%s, @status_code=%s, @child_jobs=%s, @log_summary=%s, @poll_snapshot=%s, @ds_start_time=%s, @ds_end_time=%s, parameters: ('20260611T083031', 'DATASTAGE_MALHA_VIDA', 'SeqExecCargaVida', 'BI_VIDA', 237, '2324959', 'RUNNING', 0, '', '', '{"ts": "2026-06-11T10:36:29Z", "status_code": 0, "status_text": "RUNNING (0)"}', '', None)
[2026-06-11T07:37:30.247-0300] {base.py:84} INFO - Retrieving connection 'ssh_lnxprd021'
[2026-06-11T07:37:30.247-0300] {ssh.py:298} WARNING - No Host Key Verification. This won't protect against Man-In-The-Middle attacks
[2026-06-11T07:37:30.269-0300] {transport.py:1944} INFO - Connected (version 2.0, client OpenSSH_8.0)
[2026-06-11T07:37:30.383-0300] {transport.py:1944} INFO - Authentication (password) successful!
[2026-06-11T07:37:31.291-0300] {datastage_operator.py:127} INFO - [DS] wave=237  status=0(RUNNING (0))  controller=not available
[2026-06-11T07:37:31.297-0300] {base.py:84} INFO - Retrieving connection 'SQL14_DMDB41'
[2026-06-11T07:37:31.381-0300] {sql.py:861} INFO - Running statement: EXEC dbo.sp_etl_ds_job_log_upsert @execution_id=%s, @pipeline_name=%s, @job_name=%s, @project=%s, @wave_number=%s, @pid=%s, @status=%s, @status_code=%s, @child_jobs=%s, @log_summary=%s, @poll_snapshot=%s, @ds_start_time=%s, @ds_end_time=%s, parameters: ('20260611T083031', 'DATASTAGE_MALHA_VIDA', 'SeqExecCargaVida', 'BI_VIDA', 237, '2324959', 'RUNNING', 0, '', '', '{"ts": "2026-06-11T10:37:31Z", "status_code": 0, "status_text": "RUNNING (0)"}', '', None)
[2026-06-11T07:38:31.411-0300] {base.py:84} INFO - Retrieving connection 'ssh_lnxprd021'
[2026-06-11T07:38:31.411-0300] {ssh.py:298} WARNING - No Host Key Verification. This won't protect against Man-In-The-Middle attacks
[2026-06-11T07:38:31.442-0300] {transport.py:1944} INFO - Connected (version 2.0, client OpenSSH_8.0)
[2026-06-11T07:38:31.551-0300] {transport.py:1944} INFO - Authentication (password) successful!
[2026-06-11T07:38:32.381-0300] {datastage_operator.py:127} INFO - [DS] wave=237  status=0(RUNNING (0))  controller=not available
[2026-06-11T07:38:32.386-0300] {base.py:84} INFO - Retrieving connection 'SQL14_DMDB41'
[2026-06-11T07:38:32.405-0300] {sql.py:861} INFO - Running statement: EXEC dbo.sp_etl_ds_job_log_upsert @execution_id=%s, @pipeline_name=%s, @job_name=%s, @project=%s, @wave_number=%s, @pid=%s, @status=%s, @status_code=%s, @child_jobs=%s, @log_summary=%s, @poll_snapshot=%s, @ds_start_time=%s, @ds_end_time=%s, parameters: ('20260611T083031', 'DATASTAGE_MALHA_VIDA', 'SeqExecCargaVida', 'BI_VIDA', 237, '2324959', 'RUNNING', 0, '', '', '{"ts": "2026-06-11T10:38:32Z", "status_code": 0, "status_text": "RUNNING (0)"}', '', None)
[2026-06-11T07:39:32.416-0300] {base.py:84} INFO - Retrieving connection 'ssh_lnxprd021'
[2026-06-11T07:39:32.416-0300] {ssh.py:298} WARNING - No Host Key Verification. This won't protect against Man-In-The-Middle attacks
[2026-06-11T07:39:32.435-0300] {transport.py:1944} INFO - Connected (version 2.0, client OpenSSH_8.0)
[2026-06-11T07:39:32.541-0300] {transport.py:1944} INFO - Authentication (password) successful!
[2026-06-11T07:39:33.426-0300] {datastage_operator.py:127} INFO - [DS] wave=237  status=0(RUNNING (0))  controller=not available
[2026-06-11T07:39:33.432-0300] {base.py:84} INFO - Retrieving connection 'SQL14_DMDB41'
[2026-06-11T07:39:33.444-0300] {sql.py:861} INFO - Running statement: EXEC dbo.sp_etl_ds_job_log_upsert @execution_id=%s, @pipeline_name=%s, @job_name=%s, @project=%s, @wave_number=%s, @pid=%s, @status=%s, @status_code=%s, @child_jobs=%s, @log_summary=%s, @poll_snapshot=%s, @ds_start_time=%s, @ds_end_time=%s, parameters: ('20260611T083031', 'DATASTAGE_MALHA_VIDA', 'SeqExecCargaVida', 'BI_VIDA', 237, '2324959', 'RUNNING', 0, '', '', '{"ts": "2026-06-11T10:39:33Z", "status_code": 0, "status_text": "RUNNING (0)"}', '', None)
[2026-06-11T07:40:33.453-0300] {base.py:84} INFO - Retrieving connection 'ssh_lnxprd021'
[2026-06-11T07:40:33.454-0300] {ssh.py:298} WARNING - No Host Key Verification. This won't protect against Man-In-The-Middle attacks
[2026-06-11T07:40:33.471-0300] {transport.py:1944} INFO - Connected (version 2.0, client OpenSSH_8.0)
[2026-06-11T07:40:33.577-0300] {transport.py:1944} INFO - Authentication (password) successful!
[2026-06-11T07:40:34.620-0300] {datastage_operator.py:127} INFO - [DS] wave=237  status=0(RUNNING (0))  controller=not available
[2026-06-11T07:40:34.626-0300] {base.py:84} INFO - Retrieving connection 'SQL14_DMDB41'
[2026-06-11T07:40:34.701-0300] {sql.py:861} INFO - Running statement: EXEC dbo.sp_etl_ds_job_log_upsert @execution_id=%s, @pipeline_name=%s, @job_name=%s, @project=%s, @wave_number=%s, @pid=%s, @status=%s, @status_code=%s, @child_jobs=%s, @log_summary=%s, @poll_snapshot=%s, @ds_start_time=%s, @ds_end_time=%s, parameters: ('20260611T083031', 'DATASTAGE_MALHA_VIDA', 'SeqExecCargaVida', 'BI_VIDA', 237, '2324959', 'RUNNING', 0, '', '', '{"ts": "2026-06-11T10:40:34Z", "status_code": 0, "status_text": "RUNNING (0)"}', '', None)
[2026-06-11T07:41:34.724-0300] {base.py:84} INFO - Retrieving connection 'ssh_lnxprd021'
[2026-06-11T07:41:34.724-0300] {ssh.py:298} WARNING - No Host Key Verification. This won't protect against Man-In-The-Middle attacks
[2026-06-11T07:41:34.751-0300] {transport.py:1944} INFO - Connected (version 2.0, client OpenSSH_8.0)
[2026-06-11T07:41:34.899-0300] {transport.py:1944} INFO - Authentication (password) successful!
[2026-06-11T07:41:36.118-0300] {datastage_operator.py:127} INFO - [DS] wave=237  status=0(RUNNING (0))  controller=not available
[2026-06-11T07:41:36.123-0300] {base.py:84} INFO - Retrieving connection 'SQL14_DMDB41'
[2026-06-11T07:41:36.143-0300] {sql.py:861} INFO - Running statement: EXEC dbo.sp_etl_ds_job_log_upsert @execution_id=%s, @pipeline_name=%s, @job_name=%s, @project=%s, @wave_number=%s, @pid=%s, @status=%s, @status_code=%s, @child_jobs=%s, @log_summary=%s, @poll_snapshot=%s, @ds_start_time=%s, @ds_end_time=%s, parameters: ('20260611T083031', 'DATASTAGE_MALHA_VIDA', 'SeqExecCargaVida', 'BI_VIDA', 237, '2324959', 'RUNNING', 0, '', '', '{"ts": "2026-06-11T10:41:36Z", "status_code": 0, "status_text": "RUNNING (0)"}', '', None)
[2026-06-11T07:42:36.158-0300] {base.py:84} INFO - Retrieving connection 'ssh_lnxprd021'
[2026-06-11T07:42:36.159-0300] {ssh.py:298} WARNING - No Host Key Verification. This won't protect against Man-In-The-Middle attacks
[2026-06-11T07:42:36.191-0300] {transport.py:1944} INFO - Connected (version 2.0, client OpenSSH_8.0)
[2026-06-11T07:42:36.315-0300] {transport.py:1944} INFO - Authentication (password) successful!
[2026-06-11T07:42:36.858-0300] {datastage_operator.py:127} INFO - [DS] wave=237  status=0(RUNNING (0))  controller=not available
[2026-06-11T07:42:36.864-0300] {base.py:84} INFO - Retrieving connection 'SQL14_DMDB41'
[2026-06-11T07:42:36.897-0300] {sql.py:861} INFO - Running statement: EXEC dbo.sp_etl_ds_job_log_upsert @execution_id=%s, @pipeline_name=%s, @job_name=%s, @project=%s, @wave_number=%s, @pid=%s, @status=%s, @status_code=%s, @child_jobs=%s, @log_summary=%s, @poll_snapshot=%s, @ds_start_time=%s, @ds_end_time=%s, parameters: ('20260611T083031', 'DATASTAGE_MALHA_VIDA', 'SeqExecCargaVida', 'BI_VIDA', 237, '2324959', 'RUNNING', 0, '', '', '{"ts": "2026-06-11T10:42:36Z", "status_code": 0, "status_text": "RUNNING (0)"}', '', None)
[2026-06-11T07:43:36.905-0300] {base.py:84} INFO - Retrieving connection 'ssh_lnxprd021'
[2026-06-11T07:43:36.906-0300] {ssh.py:298} WARNING - No Host Key Verification. This won't protect against Man-In-The-Middle attacks
[2026-06-11T07:43:36.938-0300] {transport.py:1944} INFO - Connected (version 2.0, client OpenSSH_8.0)
[2026-06-11T07:43:37.265-0300] {transport.py:1944} INFO - Authentication (password) successful!
[2026-06-11T07:43:38.387-0300] {datastage_operator.py:127} INFO - [DS] wave=237  status=0(RUNNING (0))  controller=not available
[2026-06-11T07:43:38.398-0300] {base.py:84} INFO - Retrieving connection 'SQL14_DMDB41'
[2026-06-11T07:43:38.411-0300] {sql.py:861} INFO - Running statement: EXEC dbo.sp_etl_ds_job_log_upsert @execution_id=%s, @pipeline_name=%s, @job_name=%s, @project=%s, @wave_number=%s, @pid=%s, @status=%s, @status_code=%s, @child_jobs=%s, @log_summary=%s, @poll_snapshot=%s, @ds_start_time=%s, @ds_end_time=%s, parameters: ('20260611T083031', 'DATASTAGE_MALHA_VIDA', 'SeqExecCargaVida', 'BI_VIDA', 237, '2324959', 'RUNNING', 0, '', '', '{"ts": "2026-06-11T10:43:38Z", "status_code": 0, "status_text": "RUNNING (0)"}', '', None)
[2026-06-11T07:44:38.420-0300] {base.py:84} INFO - Retrieving connection 'ssh_lnxprd021'
[2026-06-11T07:44:38.420-0300] {ssh.py:298} WARNING - No Host Key Verification. This won't protect against Man-In-The-Middle attacks
[2026-06-11T07:44:38.438-0300] {transport.py:1944} INFO - Connected (version 2.0, client OpenSSH_8.0)
[2026-06-11T07:44:38.564-0300] {transport.py:1944} INFO - Authentication (password) successful!
[2026-06-11T07:44:39.617-0300] {datastage_operator.py:127} INFO - [DS] wave=237  status=0(RUNNING (0))  controller=not available
[2026-06-11T07:44:39.623-0300] {base.py:84} INFO - Retrieving connection 'SQL14_DMDB41'
[2026-06-11T07:44:39.680-0300] {sql.py:861} INFO - Running statement: EXEC dbo.sp_etl_ds_job_log_upsert @execution_id=%s, @pipeline_name=%s, @job_name=%s, @project=%s, @wave_number=%s, @pid=%s, @status=%s, @status_code=%s, @child_jobs=%s, @log_summary=%s, @poll_snapshot=%s, @ds_start_time=%s, @ds_end_time=%s, parameters: ('20260611T083031', 'DATASTAGE_MALHA_VIDA', 'SeqExecCargaVida', 'BI_VIDA', 237, '2324959', 'RUNNING', 0, '', '', '{"ts": "2026-06-11T10:44:39Z", "status_code": 0, "status_text": "RUNNING (0)"}', '', None)
[2026-06-11T07:45:39.691-0300] {base.py:84} INFO - Retrieving connection 'ssh_lnxprd021'
[2026-06-11T07:45:39.692-0300] {ssh.py:298} WARNING - No Host Key Verification. This won't protect against Man-In-The-Middle attacks
[2026-06-11T07:45:39.706-0300] {transport.py:1944} INFO - Connected (version 2.0, client OpenSSH_8.0)
[2026-06-11T07:45:39.873-0300] {transport.py:1944} INFO - Authentication (password) successful!
[2026-06-11T07:45:40.640-0300] {datastage_operator.py:127} INFO - [DS] wave=237  status=0(RUNNING (0))  controller=not available
[2026-06-11T07:45:40.646-0300] {base.py:84} INFO - Retrieving connection 'SQL14_DMDB41'
[2026-06-11T07:45:40.661-0300] {sql.py:861} INFO - Running statement: EXEC dbo.sp_etl_ds_job_log_upsert @execution_id=%s, @pipeline_name=%s, @job_name=%s, @project=%s, @wave_number=%s, @pid=%s, @status=%s, @status_code=%s, @child_jobs=%s, @log_summary=%s, @poll_snapshot=%s, @ds_start_time=%s, @ds_end_time=%s, parameters: ('20260611T083031', 'DATASTAGE_MALHA_VIDA', 'SeqExecCargaVida', 'BI_VIDA', 237, '2324959', 'RUNNING', 0, '', '', '{"ts": "2026-06-11T10:45:40Z", "status_code": 0, "status_text": "RUNNING (0)"}', '', None)
[2026-06-11T07:46:40.670-0300] {base.py:84} INFO - Retrieving connection 'ssh_lnxprd021'
[2026-06-11T07:46:40.671-0300] {ssh.py:298} WARNING - No Host Key Verification. This won't protect against Man-In-The-Middle attacks
[2026-06-11T07:46:40.687-0300] {transport.py:1944} INFO - Connected (version 2.0, client OpenSSH_8.0)
[2026-06-11T07:46:40.839-0300] {transport.py:1944} INFO - Authentication (password) successful!
[2026-06-11T07:46:42.150-0300] {datastage_operator.py:127} INFO - [DS] wave=237  status=0(RUNNING (0))  controller=not available
[2026-06-11T07:46:42.156-0300] {base.py:84} INFO - Retrieving connection 'SQL14_DMDB41'
[2026-06-11T07:46:42.276-0300] {sql.py:861} INFO - Running statement: EXEC dbo.sp_etl_ds_job_log_upsert @execution_id=%s, @pipeline_name=%s, @job_name=%s, @project=%s, @wave_number=%s, @pid=%s, @status=%s, @status_code=%s, @child_jobs=%s, @log_summary=%s, @poll_snapshot=%s, @ds_start_time=%s, @ds_end_time=%s, parameters: ('20260611T083031', 'DATASTAGE_MALHA_VIDA', 'SeqExecCargaVida', 'BI_VIDA', 237, '2324959', 'RUNNING', 0, '', '', '{"ts": "2026-06-11T10:46:42Z", "status_code": 0, "status_text": "RUNNING (0)"}', '', None)
[2026-06-11T07:47:42.313-0300] {base.py:84} INFO - Retrieving connection 'ssh_lnxprd021'
[2026-06-11T07:47:42.313-0300] {ssh.py:298} WARNING - No Host Key Verification. This won't protect against Man-In-The-Middle attacks
[2026-06-11T07:47:42.491-0300] {transport.py:1944} INFO - Connected (version 2.0, client OpenSSH_8.0)
[2026-06-11T07:47:42.780-0300] {transport.py:1944} INFO - Authentication (password) successful!
[2026-06-11T07:47:44.051-0300] {datastage_operator.py:127} INFO - [DS] wave=237  status=0(RUNNING (0))  controller=not available
[2026-06-11T07:47:44.058-0300] {base.py:84} INFO - Retrieving connection 'SQL14_DMDB41'
[2026-06-11T07:47:44.135-0300] {sql.py:861} INFO - Running statement: EXEC dbo.sp_etl_ds_job_log_upsert @execution_id=%s, @pipeline_name=%s, @job_name=%s, @project=%s, @wave_number=%s, @pid=%s, @status=%s, @status_code=%s, @child_jobs=%s, @log_summary=%s, @poll_snapshot=%s, @ds_start_time=%s, @ds_end_time=%s, parameters: ('20260611T083031', 'DATASTAGE_MALHA_VIDA', 'SeqExecCargaVida', 'BI_VIDA', 237, '2324959', 'RUNNING', 0, '', '', '{"ts": "2026-06-11T10:47:44Z", "status_code": 0, "status_text": "RUNNING (0)"}', '', None)
[2026-06-11T07:48:44.154-0300] {base.py:84} INFO - Retrieving connection 'ssh_lnxprd021'
[2026-06-11T07:48:44.155-0300] {ssh.py:298} WARNING - No Host Key Verification. This won't protect against Man-In-The-Middle attacks
[2026-06-11T07:48:44.187-0300] {transport.py:1944} INFO - Connected (version 2.0, client OpenSSH_8.0)
[2026-06-11T07:48:44.350-0300] {transport.py:1944} INFO - Authentication (password) successful!
[2026-06-11T07:48:45.062-0300] {datastage_operator.py:127} INFO - [DS] wave=237  status=0(RUNNING (0))  controller=not available
[2026-06-11T07:48:45.068-0300] {base.py:84} INFO - Retrieving connection 'SQL14_DMDB41'
[2026-06-11T07:48:45.085-0300] {sql.py:861} INFO - Running statement: EXEC dbo.sp_etl_ds_job_log_upsert @execution_id=%s, @pipeline_name=%s, @job_name=%s, @project=%s, @wave_number=%s, @pid=%s, @status=%s, @status_code=%s, @child_jobs=%s, @log_summary=%s, @poll_snapshot=%s, @ds_start_time=%s, @ds_end_time=%s, parameters: ('20260611T083031', 'DATASTAGE_MALHA_VIDA', 'SeqExecCargaVida', 'BI_VIDA', 237, '2324959', 'RUNNING', 0, '', '', '{"ts": "2026-06-11T10:48:45Z", "status_code": 0, "status_text": "RUNNING (0)"}', '', None)
[2026-06-11T07:49:45.094-0300] {base.py:84} INFO - Retrieving connection 'ssh_lnxprd021'
[2026-06-11T07:49:45.094-0300] {ssh.py:298} WARNING - No Host Key Verification. This won't protect against Man-In-The-Middle attacks
[2026-06-11T07:49:45.114-0300] {transport.py:1944} INFO - Connected (version 2.0, client OpenSSH_8.0)
[2026-06-11T07:49:45.200-0300] {transport.py:1944} INFO - Authentication (password) successful!
[2026-06-11T07:49:46.205-0300] {datastage_operator.py:127} INFO - [DS] wave=237  status=0(RUNNING (0))  controller=not available
[2026-06-11T07:49:46.212-0300] {base.py:84} INFO - Retrieving connection 'SQL14_DMDB41'
[2026-06-11T07:49:46.254-0300] {sql.py:861} INFO - Running statement: EXEC dbo.sp_etl_ds_job_log_upsert @execution_id=%s, @pipeline_name=%s, @job_name=%s, @project=%s, @wave_number=%s, @pid=%s, @status=%s, @status_code=%s, @child_jobs=%s, @log_summary=%s, @poll_snapshot=%s, @ds_start_time=%s, @ds_end_time=%s, parameters: ('20260611T083031', 'DATASTAGE_MALHA_VIDA', 'SeqExecCargaVida', 'BI_VIDA', 237, '2324959', 'RUNNING', 0, '', '', '{"ts": "2026-06-11T10:49:46Z", "status_code": 0, "status_text": "RUNNING (0)"}', '', None)
[2026-06-11T07:50:46.279-0300] {base.py:84} INFO - Retrieving connection 'ssh_lnxprd021'
[2026-06-11T07:50:46.280-0300] {ssh.py:298} WARNING - No Host Key Verification. This won't protect against Man-In-The-Middle attacks
[2026-06-11T07:50:46.293-0300] {transport.py:1944} INFO - Connected (version 2.0, client OpenSSH_8.0)
[2026-06-11T07:50:46.435-0300] {transport.py:1944} INFO - Authentication (password) successful!
[2026-06-11T07:50:47.378-0300] {datastage_operator.py:127} INFO - [DS] wave=237  status=0(RUNNING (0))  controller=not available
[2026-06-11T07:50:47.383-0300] {base.py:84} INFO - Retrieving connection 'SQL14_DMDB41'
[2026-06-11T07:50:47.473-0300] {sql.py:861} INFO - Running statement: EXEC dbo.sp_etl_ds_job_log_upsert @execution_id=%s, @pipeline_name=%s, @job_name=%s, @project=%s, @wave_number=%s, @pid=%s, @status=%s, @status_code=%s, @child_jobs=%s, @log_summary=%s, @poll_snapshot=%s, @ds_start_time=%s, @ds_end_time=%s, parameters: ('20260611T083031', 'DATASTAGE_MALHA_VIDA', 'SeqExecCargaVida', 'BI_VIDA', 237, '2324959', 'RUNNING', 0, '', '', '{"ts": "2026-06-11T10:50:47Z", "status_code": 0, "status_text": "RUNNING (0)"}', '', None)
[2026-06-11T07:51:47.504-0300] {base.py:84} INFO - Retrieving connection 'ssh_lnxprd021'
[2026-06-11T07:51:47.505-0300] {ssh.py:298} WARNING - No Host Key Verification. This won't protect against Man-In-The-Middle attacks
[2026-06-11T07:51:47.529-0300] {transport.py:1944} INFO - Connected (version 2.0, client OpenSSH_8.0)
[2026-06-11T07:51:47.634-0300] {transport.py:1944} INFO - Authentication (password) successful!
[2026-06-11T07:51:48.864-0300] {datastage_operator.py:127} INFO - [DS] wave=237  status=0(RUNNING (0))  controller=not available
[2026-06-11T07:51:48.871-0300] {base.py:84} INFO - Retrieving connection 'SQL14_DMDB41'
[2026-06-11T07:51:49.007-0300] {sql.py:861} INFO - Running statement: EXEC dbo.sp_etl_ds_job_log_upsert @execution_id=%s, @pipeline_name=%s, @job_name=%s, @project=%s, @wave_number=%s, @pid=%s, @status=%s, @status_code=%s, @child_jobs=%s, @log_summary=%s, @poll_snapshot=%s, @ds_start_time=%s, @ds_end_time=%s, parameters: ('20260611T083031', 'DATASTAGE_MALHA_VIDA', 'SeqExecCargaVida', 'BI_VIDA', 237, '2324959', 'RUNNING', 0, '', '', '{"ts": "2026-06-11T10:51:48Z", "status_code": 0, "status_text": "RUNNING (0)"}', '', None)
[2026-06-11T07:52:49.056-0300] {base.py:84} INFO - Retrieving connection 'ssh_lnxprd021'
[2026-06-11T07:52:49.056-0300] {ssh.py:298} WARNING - No Host Key Verification. This won't protect against Man-In-The-Middle attacks
[2026-06-11T07:52:49.116-0300] {transport.py:1944} INFO - Connected (version 2.0, client OpenSSH_8.0)
[2026-06-11T07:52:49.325-0300] {transport.py:1944} INFO - Authentication (password) successful!
[2026-06-11T07:52:50.123-0300] {datastage_operator.py:127} INFO - [DS] wave=237  status=0(RUNNING (0))  controller=not available
[2026-06-11T07:52:50.129-0300] {base.py:84} INFO - Retrieving connection 'SQL14_DMDB41'
[2026-06-11T07:52:50.144-0300] {sql.py:861} INFO - Running statement: EXEC dbo.sp_etl_ds_job_log_upsert @execution_id=%s, @pipeline_name=%s, @job_name=%s, @project=%s, @wave_number=%s, @pid=%s, @status=%s, @status_code=%s, @child_jobs=%s, @log_summary=%s, @poll_snapshot=%s, @ds_start_time=%s, @ds_end_time=%s, parameters: ('20260611T083031', 'DATASTAGE_MALHA_VIDA', 'SeqExecCargaVida', 'BI_VIDA', 237, '2324959', 'RUNNING', 0, '', '', '{"ts": "2026-06-11T10:52:50Z", "status_code": 0, "status_text": "RUNNING (0)"}', '', None)
[2026-06-11T07:53:50.153-0300] {base.py:84} INFO - Retrieving connection 'ssh_lnxprd021'
[2026-06-11T07:53:50.153-0300] {ssh.py:298} WARNING - No Host Key Verification. This won't protect against Man-In-The-Middle attacks
[2026-06-11T07:53:50.185-0300] {transport.py:1944} INFO - Connected (version 2.0, client OpenSSH_8.0)
[2026-06-11T07:53:50.275-0300] {transport.py:1944} INFO - Authentication (password) successful!
[2026-06-11T07:53:51.131-0300] {datastage_operator.py:127} INFO - [DS] wave=237  status=0(RUNNING (0))  controller=not available
[2026-06-11T07:53:51.138-0300] {base.py:84} INFO - Retrieving connection 'SQL14_DMDB41'
[2026-06-11T07:53:51.236-0300] {sql.py:861} INFO - Running statement: EXEC dbo.sp_etl_ds_job_log_upsert @execution_id=%s, @pipeline_name=%s, @job_name=%s, @project=%s, @wave_number=%s, @pid=%s, @status=%s, @status_code=%s, @child_jobs=%s, @log_summary=%s, @poll_snapshot=%s, @ds_start_time=%s, @ds_end_time=%s, parameters: ('20260611T083031', 'DATASTAGE_MALHA_VIDA', 'SeqExecCargaVida', 'BI_VIDA', 237, '2324959', 'RUNNING', 0, '', '', '{"ts": "2026-06-11T10:53:51Z", "status_code": 0, "status_text": "RUNNING (0)"}', '', None)
[2026-06-11T07:54:51.276-0300] {base.py:84} INFO - Retrieving connection 'ssh_lnxprd021'
[2026-06-11T07:54:51.276-0300] {ssh.py:298} WARNING - No Host Key Verification. This won't protect against Man-In-The-Middle attacks
[2026-06-11T07:54:51.310-0300] {transport.py:1944} INFO - Connected (version 2.0, client OpenSSH_8.0)
[2026-06-11T07:54:51.398-0300] {transport.py:1944} INFO - Authentication (password) successful!
[2026-06-11T07:54:52.438-0300] {datastage_operator.py:127} INFO - [DS] wave=237  status=0(RUNNING (0))  controller=not available
[2026-06-11T07:54:52.444-0300] {base.py:84} INFO - Retrieving connection 'SQL14_DMDB41'
[2026-06-11T07:54:52.565-0300] {sql.py:861} INFO - Running statement: EXEC dbo.sp_etl_ds_job_log_upsert @execution_id=%s, @pipeline_name=%s, @job_name=%s, @project=%s, @wave_number=%s, @pid=%s, @status=%s, @status_code=%s, @child_jobs=%s, @log_summary=%s, @poll_snapshot=%s, @ds_start_time=%s, @ds_end_time=%s, parameters: ('20260611T083031', 'DATASTAGE_MALHA_VIDA', 'SeqExecCargaVida', 'BI_VIDA', 237, '2324959', 'RUNNING', 0, '', '', '{"ts": "2026-06-11T10:54:52Z", "status_code": 0, "status_text": "RUNNING (0)"}', '', None)
[2026-06-11T07:55:52.600-0300] {base.py:84} INFO - Retrieving connection 'ssh_lnxprd021'
[2026-06-11T07:55:52.601-0300] {ssh.py:298} WARNING - No Host Key Verification. This won't protect against Man-In-The-Middle attacks
[2026-06-11T07:55:52.633-0300] {transport.py:1944} INFO - Connected (version 2.0, client OpenSSH_8.0)
[2026-06-11T07:55:52.779-0300] {transport.py:1944} INFO - Authentication (password) successful!
[2026-06-11T07:55:54.258-0300] {datastage_operator.py:127} INFO - [DS] wave=237  status=0(RUNNING (0))  controller=not available
[2026-06-11T07:55:54.264-0300] {base.py:84} INFO - Retrieving connection 'SQL14_DMDB41'
[2026-06-11T07:55:54.281-0300] {sql.py:861} INFO - Running statement: EXEC dbo.sp_etl_ds_job_log_upsert @execution_id=%s, @pipeline_name=%s, @job_name=%s, @project=%s, @wave_number=%s, @pid=%s, @status=%s, @status_code=%s, @child_jobs=%s, @log_summary=%s, @poll_snapshot=%s, @ds_start_time=%s, @ds_end_time=%s, parameters: ('20260611T083031', 'DATASTAGE_MALHA_VIDA', 'SeqExecCargaVida', 'BI_VIDA', 237, '2324959', 'RUNNING', 0, '', '', '{"ts": "2026-06-11T10:55:54Z", "status_code": 0, "status_text": "RUNNING (0)"}', '', None)
[2026-06-11T07:56:54.290-0300] {base.py:84} INFO - Retrieving connection 'ssh_lnxprd021'
[2026-06-11T07:56:54.291-0300] {ssh.py:298} WARNING - No Host Key Verification. This won't protect against Man-In-The-Middle attacks
[2026-06-11T07:56:54.308-0300] {transport.py:1944} INFO - Connected (version 2.0, client OpenSSH_8.0)
[2026-06-11T07:56:54.393-0300] {transport.py:1944} INFO - Authentication (password) successful!
[2026-06-11T07:56:55.805-0300] {datastage_operator.py:127} INFO - [DS] wave=237  status=0(RUNNING (0))  controller=not available
[2026-06-11T07:56:55.811-0300] {base.py:84} INFO - Retrieving connection 'SQL14_DMDB41'
[2026-06-11T07:56:55.840-0300] {sql.py:861} INFO - Running statement: EXEC dbo.sp_etl_ds_job_log_upsert @execution_id=%s, @pipeline_name=%s, @job_name=%s, @project=%s, @wave_number=%s, @pid=%s, @status=%s, @status_code=%s, @child_jobs=%s, @log_summary=%s, @poll_snapshot=%s, @ds_start_time=%s, @ds_end_time=%s, parameters: ('20260611T083031', 'DATASTAGE_MALHA_VIDA', 'SeqExecCargaVida', 'BI_VIDA', 237, '2324959', 'RUNNING', 0, '', '', '{"ts": "2026-06-11T10:56:55Z", "status_code": 0, "status_text": "RUNNING (0)"}', '', None)
[2026-06-11T07:57:55.849-0300] {base.py:84} INFO - Retrieving connection 'ssh_lnxprd021'
[2026-06-11T07:57:55.849-0300] {ssh.py:298} WARNING - No Host Key Verification. This won't protect against Man-In-The-Middle attacks
[2026-06-11T07:57:55.865-0300] {transport.py:1944} INFO - Connected (version 2.0, client OpenSSH_8.0)
[2026-06-11T07:57:55.992-0300] {transport.py:1944} INFO - Authentication (password) successful!
[2026-06-11T07:57:56.877-0300] {datastage_operator.py:127} INFO - [DS] wave=237  status=0(RUNNING (0))  controller=not available
[2026-06-11T07:57:56.883-0300] {base.py:84} INFO - Retrieving connection 'SQL14_DMDB41'
[2026-06-11T07:57:56.903-0300] {sql.py:861} INFO - Running statement: EXEC dbo.sp_etl_ds_job_log_upsert @execution_id=%s, @pipeline_name=%s, @job_name=%s, @project=%s, @wave_number=%s, @pid=%s, @status=%s, @status_code=%s, @child_jobs=%s, @log_summary=%s, @poll_snapshot=%s, @ds_start_time=%s, @ds_end_time=%s, parameters: ('20260611T083031', 'DATASTAGE_MALHA_VIDA', 'SeqExecCargaVida', 'BI_VIDA', 237, '2324959', 'RUNNING', 0, '', '', '{"ts": "2026-06-11T10:57:56Z", "status_code": 0, "status_text": "RUNNING (0)"}', '', None)
[2026-06-11T07:58:56.917-0300] {base.py:84} INFO - Retrieving connection 'ssh_lnxprd021'
[2026-06-11T07:58:56.918-0300] {ssh.py:298} WARNING - No Host Key Verification. This won't protect against Man-In-The-Middle attacks
[2026-06-11T07:58:56.942-0300] {transport.py:1944} INFO - Connected (version 2.0, client OpenSSH_8.0)
[2026-06-11T07:58:57.074-0300] {transport.py:1944} INFO - Authentication (password) successful!
[2026-06-11T07:58:58.144-0300] {datastage_operator.py:127} INFO - [DS] wave=237  status=0(RUNNING (0))  controller=not available
[2026-06-11T07:58:58.152-0300] {base.py:84} INFO - Retrieving connection 'SQL14_DMDB41'
[2026-06-11T07:58:58.190-0300] {sql.py:861} INFO - Running statement: EXEC dbo.sp_etl_ds_job_log_upsert @execution_id=%s, @pipeline_name=%s, @job_name=%s, @project=%s, @wave_number=%s, @pid=%s, @status=%s, @status_code=%s, @child_jobs=%s, @log_summary=%s, @poll_snapshot=%s, @ds_start_time=%s, @ds_end_time=%s, parameters: ('20260611T083031', 'DATASTAGE_MALHA_VIDA', 'SeqExecCargaVida', 'BI_VIDA', 237, '2324959', 'RUNNING', 0, '', '', '{"ts": "2026-06-11T10:58:58Z", "status_code": 0, "status_text": "RUNNING (0)"}', '', None)
[2026-06-11T07:59:58.198-0300] {base.py:84} INFO - Retrieving connection 'ssh_lnxprd021'
[2026-06-11T07:59:58.198-0300] {ssh.py:298} WARNING - No Host Key Verification. This won't protect against Man-In-The-Middle attacks
[2026-06-11T07:59:58.219-0300] {transport.py:1944} INFO - Connected (version 2.0, client OpenSSH_8.0)
[2026-06-11T07:59:58.317-0300] {transport.py:1944} INFO - Authentication (password) successful!
[2026-06-11T07:59:59.434-0300] {datastage_operator.py:127} INFO - [DS] wave=237  status=0(RUNNING (0))  controller=not available
[2026-06-11T07:59:59.440-0300] {base.py:84} INFO - Retrieving connection 'SQL14_DMDB41'
[2026-06-11T07:59:59.505-0300] {sql.py:861} INFO - Running statement: EXEC dbo.sp_etl_ds_job_log_upsert @execution_id=%s, @pipeline_name=%s, @job_name=%s, @project=%s, @wave_number=%s, @pid=%s, @status=%s, @status_code=%s, @child_jobs=%s, @log_summary=%s, @poll_snapshot=%s, @ds_start_time=%s, @ds_end_time=%s, parameters: ('20260611T083031', 'DATASTAGE_MALHA_VIDA', 'SeqExecCargaVida', 'BI_VIDA', 237, '2324959', 'RUNNING', 0, '', '', '{"ts": "2026-06-11T10:59:59Z", "status_code": 0, "status_text": "RUNNING (0)"}', '', None)
[2026-06-11T08:00:59.525-0300] {base.py:84} INFO - Retrieving connection 'ssh_lnxprd021'
[2026-06-11T08:00:59.525-0300] {ssh.py:298} WARNING - No Host Key Verification. This won't protect against Man-In-The-Middle attacks
[2026-06-11T08:00:59.539-0300] {transport.py:1944} INFO - Connected (version 2.0, client OpenSSH_8.0)
[2026-06-11T08:00:59.609-0300] {transport.py:1944} INFO - Authentication (password) successful!
[2026-06-11T08:01:00.584-0300] {datastage_operator.py:127} INFO - [DS] wave=237  status=0(RUNNING (0))  controller=not available
[2026-06-11T08:01:00.591-0300] {base.py:84} INFO - Retrieving connection 'SQL14_DMDB41'
[2026-06-11T08:01:00.695-0300] {sql.py:861} INFO - Running statement: EXEC dbo.sp_etl_ds_job_log_upsert @execution_id=%s, @pipeline_name=%s, @job_name=%s, @project=%s, @wave_number=%s, @pid=%s, @status=%s, @status_code=%s, @child_jobs=%s, @log_summary=%s, @poll_snapshot=%s, @ds_start_time=%s, @ds_end_time=%s, parameters: ('20260611T083031', 'DATASTAGE_MALHA_VIDA', 'SeqExecCargaVida', 'BI_VIDA', 237, '2324959', 'RUNNING', 0, '', '', '{"ts": "2026-06-11T11:01:00Z", "status_code": 0, "status_text": "RUNNING (0)"}', '', None)
[2026-06-11T08:02:00.730-0300] {base.py:84} INFO - Retrieving connection 'ssh_lnxprd021'
[2026-06-11T08:02:00.731-0300] {ssh.py:298} WARNING - No Host Key Verification. This won't protect against Man-In-The-Middle attacks
[2026-06-11T08:02:00.748-0300] {transport.py:1944} INFO - Connected (version 2.0, client OpenSSH_8.0)
[2026-06-11T08:02:00.847-0300] {transport.py:1944} INFO - Authentication (password) successful!
[2026-06-11T08:02:01.804-0300] {datastage_operator.py:127} INFO - [DS] wave=237  status=0(RUNNING (0))  controller=not available
[2026-06-11T08:02:01.812-0300] {base.py:84} INFO - Retrieving connection 'SQL14_DMDB41'
[2026-06-11T08:02:01.834-0300] {sql.py:861} INFO - Running statement: EXEC dbo.sp_etl_ds_job_log_upsert @execution_id=%s, @pipeline_name=%s, @job_name=%s, @project=%s, @wave_number=%s, @pid=%s, @status=%s, @status_code=%s, @child_jobs=%s, @log_summary=%s, @poll_snapshot=%s, @ds_start_time=%s, @ds_end_time=%s, parameters: ('20260611T083031', 'DATASTAGE_MALHA_VIDA', 'SeqExecCargaVida', 'BI_VIDA', 237, '2324959', 'RUNNING', 0, '', '', '{"ts": "2026-06-11T11:02:01Z", "status_code": 0, "status_text": "RUNNING (0)"}', '', None)
[2026-06-11T08:03:01.846-0300] {base.py:84} INFO - Retrieving connection 'ssh_lnxprd021'
[2026-06-11T08:03:01.846-0300] {ssh.py:298} WARNING - No Host Key Verification. This won't protect against Man-In-The-Middle attacks
[2026-06-11T08:03:01.874-0300] {transport.py:1944} INFO - Connected (version 2.0, client OpenSSH_8.0)
[2026-06-11T08:03:02.012-0300] {transport.py:1944} INFO - Authentication (password) successful!
[2026-06-11T08:03:03.192-0300] {datastage_operator.py:127} INFO - [DS] wave=237  status=0(RUNNING (0))  controller=not available
[2026-06-11T08:03:03.198-0300] {base.py:84} INFO - Retrieving connection 'SQL14_DMDB41'
[2026-06-11T08:03:03.294-0300] {sql.py:861} INFO - Running statement: EXEC dbo.sp_etl_ds_job_log_upsert @execution_id=%s, @pipeline_name=%s, @job_name=%s, @project=%s, @wave_number=%s, @pid=%s, @status=%s, @status_code=%s, @child_jobs=%s, @log_summary=%s, @poll_snapshot=%s, @ds_start_time=%s, @ds_end_time=%s, parameters: ('20260611T083031', 'DATASTAGE_MALHA_VIDA', 'SeqExecCargaVida', 'BI_VIDA', 237, '2324959', 'RUNNING', 0, '', '', '{"ts": "2026-06-11T11:03:03Z", "status_code": 0, "status_text": "RUNNING (0)"}', '', None)
[2026-06-11T08:04:03.326-0300] {base.py:84} INFO - Retrieving connection 'ssh_lnxprd021'
[2026-06-11T08:04:03.327-0300] {ssh.py:298} WARNING - No Host Key Verification. This won't protect against Man-In-The-Middle attacks
[2026-06-11T08:04:03.343-0300] {transport.py:1944} INFO - Connected (version 2.0, client OpenSSH_8.0)
[2026-06-11T08:04:03.449-0300] {transport.py:1944} INFO - Authentication (password) successful!
[2026-06-11T08:04:04.606-0300] {datastage_operator.py:127} INFO - [DS] wave=237  status=0(RUNNING (0))  controller=not available
[2026-06-11T08:04:04.615-0300] {base.py:84} INFO - Retrieving connection 'SQL14_DMDB41'
[2026-06-11T08:04:04.699-0300] {sql.py:861} INFO - Running statement: EXEC dbo.sp_etl_ds_job_log_upsert @execution_id=%s, @pipeline_name=%s, @job_name=%s, @project=%s, @wave_number=%s, @pid=%s, @status=%s, @status_code=%s, @child_jobs=%s, @log_summary=%s, @poll_snapshot=%s, @ds_start_time=%s, @ds_end_time=%s, parameters: ('20260611T083031', 'DATASTAGE_MALHA_VIDA', 'SeqExecCargaVida', 'BI_VIDA', 237, '2324959', 'RUNNING', 0, '', '', '{"ts": "2026-06-11T11:04:04Z", "status_code": 0, "status_text": "RUNNING (0)"}', '', None)
[2026-06-11T08:05:04.719-0300] {base.py:84} INFO - Retrieving connection 'ssh_lnxprd021'
[2026-06-11T08:05:04.720-0300] {ssh.py:298} WARNING - No Host Key Verification. This won't protect against Man-In-The-Middle attacks
[2026-06-11T08:05:04.745-0300] {transport.py:1944} INFO - Connected (version 2.0, client OpenSSH_8.0)
[2026-06-11T08:05:04.884-0300] {transport.py:1944} INFO - Authentication (password) successful!
[2026-06-11T08:05:06.244-0300] {datastage_operator.py:127} INFO - [DS] wave=237  status=0(RUNNING (0))  controller=not available
[2026-06-11T08:05:06.249-0300] {base.py:84} INFO - Retrieving connection 'SQL14_DMDB41'
[2026-06-11T08:05:06.324-0300] {sql.py:861} INFO - Running statement: EXEC dbo.sp_etl_ds_job_log_upsert @execution_id=%s, @pipeline_name=%s, @job_name=%s, @project=%s, @wave_number=%s, @pid=%s, @status=%s, @status_code=%s, @child_jobs=%s, @log_summary=%s, @poll_snapshot=%s, @ds_start_time=%s, @ds_end_time=%s, parameters: ('20260611T083031', 'DATASTAGE_MALHA_VIDA', 'SeqExecCargaVida', 'BI_VIDA', 237, '2324959', 'RUNNING', 0, '', '', '{"ts": "2026-06-11T11:05:06Z", "status_code": 0, "status_text": "RUNNING (0)"}', '', None)
[2026-06-11T08:06:06.343-0300] {base.py:84} INFO - Retrieving connection 'ssh_lnxprd021'
[2026-06-11T08:06:06.344-0300] {ssh.py:298} WARNING - No Host Key Verification. This won't protect against Man-In-The-Middle attacks
[2026-06-11T08:06:06.368-0300] {transport.py:1944} INFO - Connected (version 2.0, client OpenSSH_8.0)
[2026-06-11T08:06:06.531-0300] {transport.py:1944} INFO - Authentication (password) successful!
[2026-06-11T08:06:07.399-0300] {datastage_operator.py:127} INFO - [DS] wave=237  status=0(RUNNING (0))  controller=not available
[2026-06-11T08:06:07.406-0300] {base.py:84} INFO - Retrieving connection 'SQL14_DMDB41'
[2026-06-11T08:06:07.423-0300] {sql.py:861} INFO - Running statement: EXEC dbo.sp_etl_ds_job_log_upsert @execution_id=%s, @pipeline_name=%s, @job_name=%s, @project=%s, @wave_number=%s, @pid=%s, @status=%s, @status_code=%s, @child_jobs=%s, @log_summary=%s, @poll_snapshot=%s, @ds_start_time=%s, @ds_end_time=%s, parameters: ('20260611T083031', 'DATASTAGE_MALHA_VIDA', 'SeqExecCargaVida', 'BI_VIDA', 237, '2324959', 'RUNNING', 0, '', '', '{"ts": "2026-06-11T11:06:07Z", "status_code": 0, "status_text": "RUNNING (0)"}', '', None)
[2026-06-11T08:07:07.431-0300] {base.py:84} INFO - Retrieving connection 'ssh_lnxprd021'
[2026-06-11T08:07:07.432-0300] {ssh.py:298} WARNING - No Host Key Verification. This won't protect against Man-In-The-Middle attacks
[2026-06-11T08:07:07.453-0300] {transport.py:1944} INFO - Connected (version 2.0, client OpenSSH_8.0)
[2026-06-11T08:07:07.626-0300] {transport.py:1944} INFO - Authentication (password) successful!
[2026-06-11T08:07:08.968-0300] {datastage_operator.py:127} INFO - [DS] wave=237  status=0(RUNNING (0))  controller=not available
[2026-06-11T08:07:08.974-0300] {base.py:84} INFO - Retrieving connection 'SQL14_DMDB41'
[2026-06-11T08:07:09.044-0300] {sql.py:861} INFO - Running statement: EXEC dbo.sp_etl_ds_job_log_upsert @execution_id=%s, @pipeline_name=%s, @job_name=%s, @project=%s, @wave_number=%s, @pid=%s, @status=%s, @status_code=%s, @child_jobs=%s, @log_summary=%s, @poll_snapshot=%s, @ds_start_time=%s, @ds_end_time=%s, parameters: ('20260611T083031', 'DATASTAGE_MALHA_VIDA', 'SeqExecCargaVida', 'BI_VIDA', 237, '2324959', 'RUNNING', 0, '', '', '{"ts": "2026-06-11T11:07:08Z", "status_code": 0, "status_text": "RUNNING (0)"}', '', None)
[2026-06-11T08:08:09.068-0300] {base.py:84} INFO - Retrieving connection 'ssh_lnxprd021'
[2026-06-11T08:08:09.068-0300] {ssh.py:298} WARNING - No Host Key Verification. This won't protect against Man-In-The-Middle attacks
[2026-06-11T08:08:09.084-0300] {transport.py:1944} INFO - Connected (version 2.0, client OpenSSH_8.0)
[2026-06-11T08:08:09.186-0300] {transport.py:1944} INFO - Authentication (password) successful!
[2026-06-11T08:08:10.098-0300] {datastage_operator.py:127} INFO - [DS] wave=237  status=0(RUNNING (0))  controller=not available
[2026-06-11T08:08:10.104-0300] {base.py:84} INFO - Retrieving connection 'SQL14_DMDB41'
[2026-06-11T08:08:10.333-0300] {sql.py:861} INFO - Running statement: EXEC dbo.sp_etl_ds_job_log_upsert @execution_id=%s, @pipeline_name=%s, @job_name=%s, @project=%s, @wave_number=%s, @pid=%s, @status=%s, @status_code=%s, @child_jobs=%s, @log_summary=%s, @poll_snapshot=%s, @ds_start_time=%s, @ds_end_time=%s, parameters: ('20260611T083031', 'DATASTAGE_MALHA_VIDA', 'SeqExecCargaVida', 'BI_VIDA', 237, '2324959', 'RUNNING', 0, '', '', '{"ts": "2026-06-11T11:08:10Z", "status_code": 0, "status_text": "RUNNING (0)"}', '', None)
[2026-06-11T08:09:10.365-0300] {base.py:84} INFO - Retrieving connection 'ssh_lnxprd021'
[2026-06-11T08:09:10.366-0300] {ssh.py:298} WARNING - No Host Key Verification. This won't protect against Man-In-The-Middle attacks
[2026-06-11T08:09:10.381-0300] {transport.py:1944} INFO - Connected (version 2.0, client OpenSSH_8.0)
[2026-06-11T08:09:10.514-0300] {transport.py:1944} INFO - Authentication (password) successful!
[2026-06-11T08:09:11.197-0300] {datastage_operator.py:127} INFO - [DS] wave=237  status=0(RUNNING (0))  controller=not available
[2026-06-11T08:09:11.205-0300] {base.py:84} INFO - Retrieving connection 'SQL14_DMDB41'
[2026-06-11T08:09:11.378-0300] {sql.py:861} INFO - Running statement: EXEC dbo.sp_etl_ds_job_log_upsert @execution_id=%s, @pipeline_name=%s, @job_name=%s, @project=%s, @wave_number=%s, @pid=%s, @status=%s, @status_code=%s, @child_jobs=%s, @log_summary=%s, @poll_snapshot=%s, @ds_start_time=%s, @ds_end_time=%s, parameters: ('20260611T083031', 'DATASTAGE_MALHA_VIDA', 'SeqExecCargaVida', 'BI_VIDA', 237, '2324959', 'RUNNING', 0, '', '', '{"ts": "2026-06-11T11:09:11Z", "status_code": 0, "status_text": "RUNNING (0)"}', '', None)
[2026-06-11T08:10:11.550-0300] {base.py:84} INFO - Retrieving connection 'ssh_lnxprd021'
[2026-06-11T08:10:11.550-0300] {ssh.py:298} WARNING - No Host Key Verification. This won't protect against Man-In-The-Middle attacks
[2026-06-11T08:10:11.568-0300] {transport.py:1944} INFO - Connected (version 2.0, client OpenSSH_8.0)
[2026-06-11T08:10:11.751-0300] {transport.py:1944} INFO - Authentication (password) successful!
[2026-06-11T08:10:12.711-0300] {datastage_operator.py:127} INFO - [DS] wave=237  status=0(RUNNING (0))  controller=not available
[2026-06-11T08:10:12.718-0300] {base.py:84} INFO - Retrieving connection 'SQL14_DMDB41'
[2026-06-11T08:10:12.799-0300] {sql.py:861} INFO - Running statement: EXEC dbo.sp_etl_ds_job_log_upsert @execution_id=%s, @pipeline_name=%s, @job_name=%s, @project=%s, @wave_number=%s, @pid=%s, @status=%s, @status_code=%s, @child_jobs=%s, @log_summary=%s, @poll_snapshot=%s, @ds_start_time=%s, @ds_end_time=%s, parameters: ('20260611T083031', 'DATASTAGE_MALHA_VIDA', 'SeqExecCargaVida', 'BI_VIDA', 237, '2324959', 'RUNNING', 0, '', '', '{"ts": "2026-06-11T11:10:12Z", "status_code": 0, "status_text": "RUNNING (0)"}', '', None)
[2026-06-11T08:11:12.828-0300] {base.py:84} INFO - Retrieving connection 'ssh_lnxprd021'
[2026-06-11T08:11:12.828-0300] {ssh.py:298} WARNING - No Host Key Verification. This won't protect against Man-In-The-Middle attacks
[2026-06-11T08:11:12.867-0300] {transport.py:1944} INFO - Connected (version 2.0, client OpenSSH_8.0)
[2026-06-11T08:11:12.967-0300] {transport.py:1944} INFO - Authentication (password) successful!
[2026-06-11T08:11:13.847-0300] {datastage_operator.py:127} INFO - [DS] wave=237  status=0(RUNNING (0))  controller=not available
[2026-06-11T08:11:13.853-0300] {base.py:84} INFO - Retrieving connection 'SQL14_DMDB41'
[2026-06-11T08:11:13.932-0300] {sql.py:861} INFO - Running statement: EXEC dbo.sp_etl_ds_job_log_upsert @execution_id=%s, @pipeline_name=%s, @job_name=%s, @project=%s, @wave_number=%s, @pid=%s, @status=%s, @status_code=%s, @child_jobs=%s, @log_summary=%s, @poll_snapshot=%s, @ds_start_time=%s, @ds_end_time=%s, parameters: ('20260611T083031', 'DATASTAGE_MALHA_VIDA', 'SeqExecCargaVida', 'BI_VIDA', 237, '2324959', 'RUNNING', 0, '', '', '{"ts": "2026-06-11T11:11:13Z", "status_code": 0, "status_text": "RUNNING (0)"}', '', None)
[2026-06-11T08:12:13.961-0300] {base.py:84} INFO - Retrieving connection 'ssh_lnxprd021'
[2026-06-11T08:12:13.961-0300] {ssh.py:298} WARNING - No Host Key Verification. This won't protect against Man-In-The-Middle attacks
[2026-06-11T08:12:13.989-0300] {transport.py:1944} INFO - Connected (version 2.0, client OpenSSH_8.0)
[2026-06-11T08:12:14.178-0300] {transport.py:1944} INFO - Authentication (password) successful!
[2026-06-11T08:12:15.728-0300] {datastage_operator.py:127} INFO - [DS] wave=237  status=0(RUNNING (0))  controller=not available
[2026-06-11T08:12:15.733-0300] {base.py:84} INFO - Retrieving connection 'SQL14_DMDB41'
[2026-06-11T08:12:15.748-0300] {sql.py:861} INFO - Running statement: EXEC dbo.sp_etl_ds_job_log_upsert @execution_id=%s, @pipeline_name=%s, @job_name=%s, @project=%s, @wave_number=%s, @pid=%s, @status=%s, @status_code=%s, @child_jobs=%s, @log_summary=%s, @poll_snapshot=%s, @ds_start_time=%s, @ds_end_time=%s, parameters: ('20260611T083031', 'DATASTAGE_MALHA_VIDA', 'SeqExecCargaVida', 'BI_VIDA', 237, '2324959', 'RUNNING', 0, '', '', '{"ts": "2026-06-11T11:12:15Z", "status_code": 0, "status_text": "RUNNING (0)"}', '', None)
